order_id,customer_id,status,total_amount,created_at
674bd7ad-a5b5-4e99-f2fa-6f3880095f14,f03b724f-a6bd-1235-f0ed-0e0f7c5e2061,REFUNDED,538.5424888539103,2024-05-30T12:01:48
42353ba6-fbde-4fbf-229a-508fc662efda,29a83e44-7d43-bc58-c1d5-2b3cc09e4e96,PAID,851.1047348388953,2023-06-28T09:40:49
ec7abb1f-5371-588f-bc98-630ec91993d0,c6e19c16-5174-1b4c-e423-78870134a613,PAID,1338.1010455884298,2023-08-11T11:50:58
e3645064-1277-1fe2-e0b7-a57d3b799eff,cd26744c-84c1-d092-111b-bd54859f72eb,PAID,218.80920746433262,2024-10-26T22:42:29
36ada3e3-d00a-d322-5ff1-8865a610416f,a21c12f5-7678-c445-037a-efc8bea7f6b3,PAID,744.6918858884508,2024-02-02T20:09:11
97593685-0c40-e619-7a70-13868eef12e6,78147fc9-5d02-9b16-7f8d-2b7114dbfcf9,PAID,686.3423379607337,2024-03-10T07:31:36
66ae44d3-aa50-54ce-4541-047911c4312c,881357de-b53b-49a1-044d-9f0907a37171,PAID,2000.0,2025-01-01T00:00:00
5d8230c0-a1f6-cbb5-b444-ce68f48ba59c,54e480f1-9d93-b104-5445-d023b152c043,PAID,299.2163884541434,2025-01-01T00:00:00
6839d4eb-1231-bda4-1860-5e2dfee94a1c,aefb7cb5-c66a-c497-343d-a64f92a0d220,PAID,843.437532388661,2023-01-01T00:00:00
8f68b483-4524-28a2-e660-4538b55cd1bb,c6e19c16-5174-1b4c-e423-78870134a613,PAID,358.5304661872752,2023-12-17T18:35:37
5b6a1412-3872-d564-ccf9-18ee9e942fd9,f3c8ea40-b043-2fa9-8a20-0ad3cb37e219,REFUNDED,475.2567020843657,2024-01-12T05:34:39
f65a8452-88c5-d5c8-585f-d73cae294648,ed2a870e-2901-005f-8d0c-a4b6b06896ae,PAID,1207.3165568260201,2023-04-16T06:19:29
4b5c53dd-0ae4-5696-880b-a53942b7b5d3,33bc8405-0a54-a6bc-9fea-b151a6462c08,REFUNDED,1166.826479754753,2024-06-14T13:29:59
0c65ccef-9994-13b2-5df1-679f1cf6ccbe,4d0c59a6-28fa-fcef-f0bb-4d77aed58101,REFUNDED,459.620976044095,2023-04-24T01:52:48
6a15ea3a-6d66-4aa1-3d17-3bdb9bb4974e,f46182a7-52f1-9e54-8055-c4080c94e832,PAID,1363.3183558794015,2024-10-07T16:57:11
0be43aa8-8cc0-cd5c-168d-0cddd20ee652,af4a9892-f0d8-629e-d8c3-77a3aa5c7bd0,PAID,475.8473492154609,2024-12-28T19:08:48
f8bf8967-6c44-572f-7495-62fc5cce8305,ed2a870e-2901-005f-8d0c-a4b6b06896ae,PAID,774.0043402763816,2023-04-29T09:46:48
5cb99a3b-7826-b65b-fc4d-8b5320a11a7b,0ca6e7d0-15d0-3788-8021-4f4891e11295,PAID,1207.6075900332587,2023-01-01T00:00:00
fd14600a-ad6c-134e-7766-e6c67d219a49,3b0f391e-4296-0da2-2e73-f2af55205c40,PAID,674.765878948695,2025-01-01T00:00:00
c5094649-dd6a-a868-aca4-fbf55c0fa9c0,51553954-43e7-4dfa-2668-3ccc619949a9,PAID,803.511890619427,2025-01-01T00:00:00
9f1b31b8-b84f-d95f-e2c6-2c8a10237ce9,dcd91741-aaf3-96cd-8716-0318b66d07c6,REFUNDED,829.9847733579982,2023-07-06T13:35:36
5b39d919-b66c-2912-a864-71f12b6d5dd9,f92b0fc1-9791-f3e2-860e-670bbec95d8e,PAID,503.41132222341037,2023-08-07T10:05:58
dcfe2b7d-f2e8-c14f-95c6-171ddaa4523d,12eb2146-d6a7-cdb8-f9da-e4afa0ce55bc,PAID,724.993036564422,2024-10-16T04:43:05
e4d6d450-23ed-4858-7b86-5c1d1ca10b29,12eb2146-d6a7-cdb8-f9da-e4afa0ce55bc,PAID,549.33785955247,2023-06-18T06:41:36
8ff08a58-4d44-0223-c6ae-2967c2dba965,3c8b9360-293d-5267-979f-59002c512433,PAID,320.5119876508447,2024-07-31T03:16:31
d5a22151-50de-cf8a-c0b2-e9dcc50cc072,86b48413-710f-0cfe-4773-7a31c5cb5704,PAID,1152.3296398267435,2024-10-06T02:48:54
0b971563-34ac-021d-f0a7-6cfc00b027eb,af4a9892-f0d8-629e-d8c3-77a3aa5c7bd0,PAID,475.68318864336425,2023-12-01T22:26:48
8e40a751-497c-2f45-2118-0d15d40a1a33,52a2816f-6fca-0e38-75ca-194fc24e9830,PAID,958.7197502780607,2023-09-17T12:58:38
74accc86-1a7a-5425-c881-2ec2d11f59ff,bf359e04-6675-aae1-75fc-94ac3f2aedd5,PAID,1146.533087743037,2024-03-18T13:38:06
81e83957-680a-0e7e-db9d-de499b66a3e0,6ba1ef74-685c-b84e-f607-2e83699a10d7,PAID,771.2911407966229,2023-09-09T17:50:24
35cb4022-ae84-e55f-99d0-67c178740217,babd95a0-6276-2296-8837-59672044d760,PAID,1037.3574084832974,2024-06-07T20:59:46
85da1bfd-51c9-c9d3-786d-b7c66de6a895,9e86688d-16fa-bdff-4b59-9252f8f12da1,PAID,969.3131717664943,2023-04-03T22:55:50
67a044eb-3917-ff92-ac5f-dbd8f685b8f9,e0575ac9-df22-edd6-0763-6f6c349da041,PAID,1326.798950442975,2023-12-18T11:22:19
95fda513-278b-6069-4124-272a3bdc163c,f40d4f9e-4c6e-7499-06dd-bb29fea7f574,PAID,0.0,2024-11-11T16:22:49
83c3afb0-ecd6-5a12-05ef-f148517d2d21,166bb7b6-d0c0-cc55-6528-bd94df8608ef,PAID,1391.8038815258064,2023-12-26T17:28:59
cca3bf57-0e69-ef17-51cf-2d1ed18220b8,e8b35a37-4fbd-d578-23a2-e2846a7bc979,PAID,798.6799612866275,2023-07-23T01:49:14
04e97402-c30d-ac4e-6641-3270eed465aa,e8b35a37-4fbd-d578-23a2-e2846a7bc979,PAID,211.49982808444176,2023-01-01T00:00:00
1a61c881-1866-dc1b-aace-7f7ff84198be,06ac8e0e-42f1-0917-f9d1-4f93b267db7f,PAID,805.325159382784,2024-06-24T22:06:49
0c0a99a4-5340-0949-24e4-f2d1d8d1fa86,564d0e58-ba0d-e265-bca8-35474cdbeead,PAID,795.9416832767755,2024-05-09T18:49:23
d49ae88a-387c-325d-39b6-f69914a2fbd1,42b2c66e-5d27-585d-3a71-f7627e75ed27,PAID,248.16229877547173,2023-07-16T05:07:46
5019c3fe-dd68-e65f-cd2d-2a91ba93c49d,98d73126-6823-e555-df16-3e5ec2307269,PAID,990.1088921437295,2024-12-02T22:50:36
f7be5ea1-f881-d6ed-6797-8bcd4afde83f,33bc8405-0a54-a6bc-9fea-b151a6462c08,PAID,0.0,2023-10-20T20:09:35
a153f22e-3e44-10c5-7e5e-50b544a81de8,007c7b8d-ecfa-d2fa-bf79-66117837133c,PAID,383.4498275356646,2024-04-06T02:17:49
96c58775-c5ea-b292-a0a3-0ddf29def159,fc40823f-a717-0505-5075-8c9d0b5e9bd1,PAID,521.8535006612644,2023-06-05T00:55:31
50f3663f-92c2-c628-5171-640307d35989,08a9924d-810d-4a5f-deab-bccf4fb22096,PAID,654.457850831558,2023-01-01T00:00:00
2a37c7e1-b062-325e-5753-3c7667729b31,fc40823f-a717-0505-5075-8c9d0b5e9bd1,PAID,932.1165018361198,2023-04-19T05:15:17
defba758-4ef9-c869-02ae-a385d92eaad8,007c7b8d-ecfa-d2fa-bf79-66117837133c,REFUNDED,647.837675602607,2023-10-30T08:59:56
4f51eea1-3b6b-e656-81f1-852262cfc014,f7b28584-0e6c-9d89-86cc-098793d323a9,FAILED,483.9686799776995,2023-01-01T00:00:00
995718a0-e51c-da67-6f0d-2bc5bf04c44d,aefb7cb5-c66a-c497-343d-a64f92a0d220,PAID,797.5895360766418,2024-02-12T22:04:50
5ce1d400-b8f3-5e01-71ed-25da64d48432,1660b2d7-9bdf-d53f-f85f-ec555e671337,PAID,791.9154823499829,2023-07-21T04:46:29
e21caa9b-1f2e-c056-12bb-f392c45a1f46,827c285c-d225-88a0-a892-a229b76b04ce,PAID,575.2916599254975,2023-11-18T01:34:12
6ba276cf-99a1-5800-aa48-68ba709b4e36,fdb15588-7425-ea0c-917d-fe82cc5ca7a2,PAID,229.33549136189177,2024-08-12T20:43:05
67676bb6-7ceb-0f57-3a05-660d4fe09254,ee53db27-db7a-6044-50ca-f176ff78ae39,PAID,948.3839570718065,2023-07-29T20:54:31
42ca90fe-2c94-52b6-31d5-8ce84a73a9de,59d70de1-e232-263c-790c-94db3a6eb4cd,PAID,725.542561483091,2023-10-28T08:12:43
75c8cc36-7497-e21f-b162-4d0aa49ad1da,ed2a870e-2901-005f-8d0c-a4b6b06896ae,PAID,0.0,2023-07-14T22:31:52
882c05b0-2a5e-9d09-32ce-61d3bb3012da,fdb15588-7425-ea0c-917d-fe82cc5ca7a2,PAID,848.8779479312401,2023-01-20T08:47:42
23120814-a601-ad33-3867-bfecc33765e2,f03b724f-a6bd-1235-f0ed-0e0f7c5e2061,PAID,982.103010291281,2023-01-01T00:00:00
316331b2-8f82-9a2d-d3ab-47ecaa9e1d87,12eb2146-d6a7-cdb8-f9da-e4afa0ce55bc,PAID,1345.9776208199885,2023-12-18T09:13:00
db86ccf3-2778-75db-ed45-d142725205f8,ed2a870e-2901-005f-8d0c-a4b6b06896ae,PAID,1077.3319889185354,2023-04-03T19:15:55
ad70b392-1589-ac1c-e333-9e673b4a2481,652a91e5-90d2-863f-598a-1455de7e8cec,PAID,646.4111411496035,2023-01-19T13:51:12
a1ff16ac-4452-8d8a-3057-0a03c092d728,4d0c59a6-28fa-fcef-f0bb-4d77aed58101,PAID,263.22690767807075,2024-04-10T10:35:35
765f6c4b-a604-a41a-9355-19751710e89f,52a2816f-6fca-0e38-75ca-194fc24e9830,PAID,859.2783195477361,2023-01-01T00:00:00
6e091c57-d912-d120-46c9-6f9a2fd74edd,007c7b8d-ecfa-d2fa-bf79-66117837133c,PAID,425.58879536205393,2024-01-23T14:00:16
e9322c06-94b8-385b-bb90-87586e919a78,e188e89c-4f45-6c79-556a-3ab789f75455,PAID,398.547167060963,2023-05-03T05:48:02
ec704c17-cc5d-1b2b-f6c9-080b03829dfd,d81da416-9c3a-421e-9580-cc3ab98cdb73,PAID,950.7713442217258,2024-03-17T12:46:30
591d6aec-40e3-a384-72d4-c7d6723a8374,d86d8a01-e726-15db-f47d-22b6e898f970,PAID,574.5572244183948,2023-04-13T09:04:23
7309854c-09fc-80c4-0dbb-6ee43717ae1c,12eb2146-d6a7-cdb8-f9da-e4afa0ce55bc,PAID,283.6818004098487,2023-10-16T16:26:22
f380bf77-0bf7-3606-f841-6a0b1a960a3b,d81da416-9c3a-421e-9580-cc3ab98cdb73,PAID,974.7875586442634,2023-03-04T15:13:10
8db2c915-6878-251c-967c-758d28d597fe,fc40823f-a717-0505-5075-8c9d0b5e9bd1,PAID,598.1306781480372,2024-05-09T13:20:25
948d83d9-b8fd-53d5-3854-c0ecb82b3d9c,dcd91741-aaf3-96cd-8716-0318b66d07c6,REFUNDED,584.9952510209534,2025-01-01T00:00:00
dea95a9e-c0f7-2705-b437-4554b113f725,fc40823f-a717-0505-5075-8c9d0b5e9bd1,PAID,1322.7781585736157,2023-07-18T04:32:23
98a00458-5914-190b-286c-59ef6e0011c5,d86d8a01-e726-15db-f47d-22b6e898f970,PAID,1317.2231128879132,2023-10-01T12:30:01
b38fc9bb-f073-e80a-e4bd-f5aede832d6a,ee53db27-db7a-6044-50ca-f176ff78ae39,PAID,1157.8938587872947,2024-12-13T01:10:17
37a14e3c-955c-c77b-2182-94ecf88b8c2a,9e86688d-16fa-bdff-4b59-9252f8f12da1,PAID,185.62590759866654,2025-01-01T00:00:00
52f91a5c-3349-b5e3-f0f5-edf8388c5a25,6ba1ef74-685c-b84e-f607-2e83699a10d7,PAID,1306.4964556519442,2023-03-18T16:21:52
1e774e22-f5d2-c3e1-a17c-5693b9aae943,ed2a870e-2901-005f-8d0c-a4b6b06896ae,PAID,649.7346816598773,2024-05-12T12:51:08
7a0d8bc7-aa7a-8deb-27ff-19f1965238fd,2527b9d0-40a9-4d3a-6354-259492e31cee,PAID,445.78727221008336,2024-10-05T12:09:01
bb8b844d-0b4c-665b-c1f7-103253766ad4,8239c450-8606-2e04-c580-ea9530bf4656,PAID,547.4617710911605,2024-11-26T12:37:48
88de8d49-c825-9cf9-cf59-c16d518d7aca,f7b28584-0e6c-9d89-86cc-098793d323a9,PAID,447.3405807138506,2024-04-29T13:11:34
45d3c588-3d5d-ecb1-9275-4a3d421bc738,564d0e58-ba0d-e265-bca8-35474cdbeead,PAID,627.6200651384036,2023-12-20T21:42:38
a2e43ddc-5fca-e4ef-1d27-e6e20011e54f,9da9fcdd-f183-511a-922e-ba11a8756c81,REFUNDED,1274.261071615268,2024-11-07T23:16:51
e95f8360-c750-c403-a9dc-4e6bed2a4fb7,c2a661b6-2e05-6d9d-0b18-20ccbdb785f9,PAID,600.9682684279459,2023-03-01T09:33:24
f3bfc586-3b14-c908-0f99-6e757499315a,cd26744c-84c1-d092-111b-bd54859f72eb,PAID,1281.9496321437284,2023-11-29T15:10:16
f9680ddd-baae-7ac6-2cfc-50319e2265af,e6004181-236a-3af1-2d38-da65576f30e7,PAID,425.2678579639628,2024-06-18T06:50:15
5557c3b6-7946-3977-d32b-7f36da3a429a,525864e4-ca39-72d8-2b2a-e4d2b3f045f1,PAID,926.1786512978452,2023-06-17T14:16:39
b855e14b-663f-b83a-29c5-4ada540a71ef,1660b2d7-9bdf-d53f-f85f-ec555e671337,PAID,586.1413616454367,2024-02-26T23:52:52
b676e13e-6e08-8be5-b22e-5e09568bcd9e,aefb7cb5-c66a-c497-343d-a64f92a0d220,PAID,1090.799249396692,2023-11-02T21:19:26
edced9c3-02c8-b193-cdf4-464737f534a2,1660b2d7-9bdf-d53f-f85f-ec555e671337,PAID,0.0,2024-03-15T07:20:44
442b8db0-4092-acc6-8cde-0ffe980bf752,7a623cbe-9097-ce7a-ce2a-796409c5dd9d,PAID,747.1596627568224,2024-07-08T15:49:34
40bfa70c-6ec2-6648-b911-a72c05b603c0,db273aa8-29ca-c886-6b81-e5e9ce40a186,PAID,0.0,2023-03-12T10:58:29
6c4740b4-18bc-a42a-c12c-44faba23fba6,12eb2146-d6a7-cdb8-f9da-e4afa0ce55bc,PAID,317.0538142723207,2023-10-14T02:12:01
f1a6bde9-174b-e0d4-9a72-657e397474c4,da44230e-ba91-f8cc-fafc-7ecc942ceeff,PAID,313.9132770656539,2024-06-24T07:45:26
5cf1aec6-b0c3-189e-b827-35960449c354,72cc2086-2978-9f64-6a9b-68de170f467b,PAID,721.6998838976242,2025-01-01T00:00:00
2d5702f2-31a7-5049-ddf4-78f7af0f7c22,8333b42b-a232-5de9-81a6-e9e77d4fc55b,PAID,1427.244530927232,2023-04-14T05:42:06
a0d28db2-9537-da2c-8ad9-836da77e3b13,e188e89c-4f45-6c79-556a-3ab789f75455,PAID,993.2497782064927,2023-11-29T09:18:17
ab255da1-7627-9118-5bd2-119256e1aaad,cb52cd13-ce73-2862-01be-35db62469b63,PAID,776.6517472958254,2023-02-09T21:59:28
7c163f41-530f-0c2f-f031-164552f66312,260efd81-a560-1471-f49d-d14f74a6aca1,PAID,608.5312706548018,2023-01-01T00:00:00
d268034b-7823-2fed-c6c8-e2163d3bfa83,cb52cd13-ce73-2862-01be-35db62469b63,PAID,1171.9984109524266,2024-03-06T09:15:27
0274b372-e24b-5c74-8aaf-f4b2aa905b1a,525864e4-ca39-72d8-2b2a-e4d2b3f045f1,PAID,599.9728372199271,2024-06-19T21:51:10
15757ad5-955a-9578-e82f-70636591a7ce,007c7b8d-ecfa-d2fa-bf79-66117837133c,PAID,871.3729580965056,2023-09-04T13:06:45
452180b4-eda0-0c39-29b4-79809b8a1103,c2a661b6-2e05-6d9d-0b18-20ccbdb785f9,REFUNDED,344.64230785435547,2023-01-01T04:13:10
a39a9ee4-9517-5249-6b24-2f0725db79fe,99759137-286e-e4ef-e61c-66bd7018ee3c,REFUNDED,612.5045150345786,2023-01-27T14:18:41
eca44bea-a303-5fa6-144d-db51457718c1,da44230e-ba91-f8cc-fafc-7ecc942ceeff,PAID,691.6750726807398,2024-01-25T18:33:14
7b3b24b5-28e3-c3a1-8138-3b0e733c333b,cf90a3c4-f505-46df-9a98-b8ea1535da5f,REFUNDED,625.1812424219146,2023-08-07T01:41:31
fb224d53-f40e-c0e0-75ce-4857db5c315a,33bc8405-0a54-a6bc-9fea-b151a6462c08,PAID,2000.0,2023-09-02T05:36:12
482b9116-a100-d130-7cf8-2a2362180c62,cd26744c-84c1-d092-111b-bd54859f72eb,PAID,359.4854902538572,2023-06-24T18:51:35
79de07df-1693-b383-ab64-0f7c6f65e663,e8b35a37-4fbd-d578-23a2-e2846a7bc979,PAID,849.9511463522517,2023-06-08T12:29:13
640bce81-88d2-c649-a922-0a9dc6db446e,c2a661b6-2e05-6d9d-0b18-20ccbdb785f9,PAID,1217.8660826487878,2023-05-23T21:01:39
e926f218-2297-3c3a-d60f-701a2f26600f,e64258c6-c3ff-82cd-4eec-5959d32b8cdd,REFUNDED,648.5787594938008,2025-01-01T00:00:00
3c916aec-9d04-5c42-bcdc-fe6a51236b2e,e8b35a37-4fbd-d578-23a2-e2846a7bc979,REFUNDED,831.5167511531537,2024-08-28T17:48:17
c317bc77-3ad2-9d64-627e-f808fe206bf5,f03b724f-a6bd-1235-f0ed-0e0f7c5e2061,PAID,755.3743031488632,2023-12-01T16:21:11
b7a4241e-0590-80f5-4701-4eb58f2a00f3,f46182a7-52f1-9e54-8055-c4080c94e832,PAID,1118.780287052263,2023-09-04T17:13:17
b7a9232f-1844-5596-4269-427e4c7ad581,d0efcb46-4a39-4352-911d-dd224eec2fa0,PAID,709.0945694937355,2023-07-21T19:39:19
e95459e8-e035-036d-bc28-3f1ff25bc92d,f92b0fc1-9791-f3e2-860e-670bbec95d8e,PAID,1084.726183398982,2024-06-19T09:23:34
1ff7f793-3338-329e-d6fc-2266029cc152,2c1f66e0-9de6-d52a-ef6f-ff97c52a5b9a,PAID,838.256918791235,2023-04-06T11:44:34
1c420de3-83be-1fa4-b55f-22da4dc6cc89,4d0c59a6-28fa-fcef-f0bb-4d77aed58101,PAID,865.0558917305506,2024-05-25T19:40:39
c0de15c0-fb10-925d-3501-76a5fd0f3447,e6004181-236a-3af1-2d38-da65576f30e7,PAID,2000.0,2023-09-25T01:44:41
b36f0ae7-2b5f-1d28-da69-90d81fdb4684,79ded677-079e-9e41-7f6f-d89352910750,PAID,555.1928482059354,2025-01-01T00:00:00
7cc37950-5bcd-4aab-d222-5093310dfcaf,cd5b929b-8b61-5651-9d83-aee44aab5239,REFUNDED,807.377035752028,2024-02-17T04:05:11
d1f6f480-ae9a-ca03-d49f-33fb4f9c9c6a,1995f4b8-9bff-55e2-4db4-9d147cc57a8a,PAID,2000.0,2025-01-01T00:00:00
d365c1a3-b4f0-2d9b-82f6-a36ad990db93,a21c12f5-7678-c445-037a-efc8bea7f6b3,PAID,463.72640245466863,2024-07-04T15:26:17
8fedf2ad-fc5c-22eb-e754-00202339ae91,007c7b8d-ecfa-d2fa-bf79-66117837133c,PAID,158.65672278246026,2023-12-05T04:37:21
5fba8cd2-d6ee-fc34-0928-00c7f3066f3a,52a2816f-6fca-0e38-75ca-194fc24e9830,PAID,737.9879267928945,2023-01-01T00:00:00
49aeb22c-acee-13a1-43a3-c0ceb92440b4,e6004181-236a-3af1-2d38-da65576f30e7,PAID,0.0,2023-09-09T10:07:01
4193452a-7311-d74a-61b2-5a40f5f49ba0,6ba1ef74-685c-b84e-f607-2e83699a10d7,PAID,814.1954741051701,2025-01-01T00:00:00
74e9f6ec-ce4b-25ec-8d46-01d7a84778f7,aefb7cb5-c66a-c497-343d-a64f92a0d220,PAID,326.8789753795207,2024-09-27T19:17:34
dd61532a-1f16-9cfd-aa4d-e7ee4891ee7f,33bc8405-0a54-a6bc-9fea-b151a6462c08,PAID,1299.2176566349583,2024-04-15T02:26:09
a5b4334d-e125-33d6-6b28-f6bad60c4de3,59d70de1-e232-263c-790c-94db3a6eb4cd,PAID,547.5679837906329,2024-07-15T10:45:02
767d6d27-9724-af01-9801-7fdef662f5fa,b07cbe38-0f5a-e1cf-c8a2-b024eb48513e,PAID,1059.6490685301578,2024-10-11T07:18:28
e5ef2c40-e6e0-d4a3-26d6-38258797199e,84a14d85-bf91-5491-3e3a-57c0546c29c8,REFUNDED,1046.8814183684758,2024-05-08T14:41:50
dc834a15-d180-1844-b57c-a9217ecd9eb2,fc40823f-a717-0505-5075-8c9d0b5e9bd1,PAID,695.7164888576051,2023-03-18T05:17:14
d977ec19-d908-a058-d78e-1af5f244655e,f46182a7-52f1-9e54-8055-c4080c94e832,PAID,786.9875556998529,2024-01-31T10:36:59
33da7e44-e826-d063-bc10-b686f4ce3044,fdb15588-7425-ea0c-917d-fe82cc5ca7a2,PAID,896.5780581908721,2024-03-07T15:18:34
2b427bac-eb65-534b-5d19-87d6a00184e7,52a2816f-6fca-0e38-75ca-194fc24e9830,PAID,770.5328325770383,2024-01-08T14:37:29
57db8f2d-9866-e607-f3ae-0107cb8a2069,81ba910a-54de-0598-b937-939b5fa7930d,FAILED,489.3138193957523,2023-07-26T10:14:04
7935336e-2657-cf24-dbea-312b62a2292e,cd5b929b-8b61-5651-9d83-aee44aab5239,PAID,1225.3519541456274,2025-01-01T00:00:00
67a9789b-81bd-1ae1-1ffb-dcf4f549c50d,da44230e-ba91-f8cc-fafc-7ecc942ceeff,PAID,760.7377360153473,2024-09-18T20:30:11
8fa59fe1-1de5-b3a5-a2d0-82842d1dc813,b07cbe38-0f5a-e1cf-c8a2-b024eb48513e,PAID,799.5260493974232,2023-12-30T22:05:24
a21539bf-3a89-5e78-addb-b9c4eff74698,06ac8e0e-42f1-0917-f9d1-4f93b267db7f,PAID,652.0052713230332,2023-01-01T00:00:00
b722b5ba-6b24-7488-79e1-84ec68961afc,2c1f66e0-9de6-d52a-ef6f-ff97c52a5b9a,PAID,798.665597355744,2024-03-19T03:00:48
6a790bee-0db3-4734-aa89-1eea1222b959,d0efcb46-4a39-4352-911d-dd224eec2fa0,PAID,1076.1116362313714,2023-04-24T15:57:14
0f650e89-a132-fcc9-7912-36b03e2bb4f1,f7b28584-0e6c-9d89-86cc-098793d323a9,PAID,2000.0,2023-01-01T00:00:00
c2ba3e43-d423-73d1-74c5-830096731ea1,d81da416-9c3a-421e-9580-cc3ab98cdb73,PAID,0.0,2023-02-07T21:48:36
84068690-d1e0-5b14-aed1-4bc65eabec1a,6095efa5-5049-057a-8501-b1cdfb3b4352,PAID,864.2176559144133,2023-01-01T00:00:00
3e25bb86-e5e1-9435-07d9-735690015764,f92b0fc1-9791-f3e2-860e-670bbec95d8e,PAID,496.53668689306267,2023-01-01T00:00:00
d67eee04-d709-e5ac-7f8f-32fad55df31f,cb52cd13-ce73-2862-01be-35db62469b63,PAID,230.22359204391782,2023-08-24T10:01:48
1fe566bd-de4f-f133-1d1c-dc077bc20569,c2a661b6-2e05-6d9d-0b18-20ccbdb785f9,PAID,469.8756538904983,2023-10-18T22:23:51
153b812e-7562-2adf-cec0-cbc7b27341a9,9cb5b837-9f4b-1f34-0591-3e3dc1e0dc01,REFUNDED,691.9582149150062,2023-01-12T03:50:40
1094d25e-ab4b-b453-e4ff-0790fbb33cd5,e8b35a37-4fbd-d578-23a2-e2846a7bc979,PAID,1145.8117431873645,2024-05-06T21:37:15
e80e8661-d62e-2131-bd5f-de2250a8b95c,47d05437-1579-19a4-e458-1529e4026895,PAID,1165.5113637674597,2024-02-10T11:57:06
223f4ffb-93fc-b6be-7a55-30dc7418be1b,6dc5e81c-60ee-7e0e-1f92-16426e2d910f,PAID,828.9430289202335,2023-03-17T07:52:58
553ba0ae-a511-9f52-eca5-2cbc4090341e,9e86688d-16fa-bdff-4b59-9252f8f12da1,PAID,528.5992863838555,2023-05-26T07:15:43
b2bf3b9c-54c3-15df-3815-c8d87df47b99,9e86688d-16fa-bdff-4b59-9252f8f12da1,PAID,0.0,2023-07-15T08:00:52
42544ca7-1fcf-a6c5-62d5-d1d4b82596c0,b07cbe38-0f5a-e1cf-c8a2-b024eb48513e,PAID,585.3913448452397,2024-05-26T13:24:40
9a9c5dff-d07a-b15a-3b9b-0377857ea93c,f46182a7-52f1-9e54-8055-c4080c94e832,PAID,236.40503145249318,2023-04-07T13:52:06
05dc9608-e945-cd9d-2c4f-44e79c02e2ba,47d05437-1579-19a4-e458-1529e4026895,PAID,0.0,2023-01-01T00:00:00
8dc6e487-fe8c-3232-8c63-5ec793c64c14,cd26744c-84c1-d092-111b-bd54859f72eb,REFUNDED,814.9119813669739,2024-01-26T00:54:06
1fb1713b-6bd1-3306-aa43-b61a42ffc5d9,6dc5e81c-60ee-7e0e-1f92-16426e2d910f,PAID,1047.9136906454082,2023-09-14T04:19:34
9a5f4a2f-e397-33b4-0906-c36f22afe6aa,564d0e58-ba0d-e265-bca8-35474cdbeead,PAID,2000.0,2025-01-01T00:00:00
b7f5ae09-694e-8e2d-1a7b-50c99ccbb061,aefb7cb5-c66a-c497-343d-a64f92a0d220,PAID,0.0,2023-10-05T08:54:08
cfe6e549-74a4-d193-e906-dc7cb2462f38,f3c8ea40-b043-2fa9-8a20-0ad3cb37e219,PAID,0.0,2024-12-08T18:59:50
f6ad2d0f-8d14-05ba-c54a-2189e8b37232,51553954-43e7-4dfa-2668-3ccc619949a9,PAID,2000.0,2024-08-12T00:55:28
2a58b868-aa1f-9730-8fdd-0a5fb99e65b9,47d05437-1579-19a4-e458-1529e4026895,REFUNDED,0.0,2024-07-13T01:42:26
c6cefd50-513a-28f6-3a01-9e4fa09e6c34,78147fc9-5d02-9b16-7f8d-2b7114dbfcf9,PAID,777.9548985971261,2024-09-06T04:59:31
ec10174d-4ff9-d2c2-2f29-88fe6b24fb3c,d81da416-9c3a-421e-9580-cc3ab98cdb73,PAID,776.0456804770778,2023-04-10T00:04:09
829b129b-d3b5-609f-f866-0a2ef7c62063,0ca6e7d0-15d0-3788-8021-4f4891e11295,PAID,2000.0,2023-08-13T02:53:40
e4075378-303a-8404-b981-250ef79a127d,f0d52dd6-d9e7-c69d-da09-c99ff1d6c3e1,PAID,832.7445873708143,2023-01-01T23:07:38
2fc2883d-824b-efc2-66c5-5856a98b0a94,8239c450-8606-2e04-c580-ea9530bf4656,REFUNDED,356.47845848538225,2023-12-21T01:59:40
70136778-64a5-37b3-2c98-3885f6dd9d75,2fc4ea9e-724c-4aa9-08d8-2d1f563372c6,REFUNDED,1439.4763649693775,2025-01-01T00:00:00
6f64975b-3d31-4142-e34f-0a86cfff850f,827c285c-d225-88a0-a892-a229b76b04ce,PAID,500.50473179764947,2023-01-01T00:00:00
5d7a05cc-5e8e-0843-72e2-a9131873639a,81ba910a-54de-0598-b937-939b5fa7930d,PAID,508.2842261334098,2024-12-17T20:25:22
1c229280-cbe0-3865-572d-1a8806b4eb86,ee53db27-db7a-6044-50ca-f176ff78ae39,PAID,851.5364708085743,2024-10-10T02:49:46
ab5c7574-0d5b-1c4e-6c1b-51a708013b60,3b7b3115-5fd7-1b94-2ef0-91f82a0c6f52,PAID,1132.2725070543395,2023-06-25T08:31:25
499fcdc5-b49f-e15b-6b6e-6df0ce0d994e,166bb7b6-d0c0-cc55-6528-bd94df8608ef,FAILED,0.0,2023-02-13T03:08:34
c7657cd5-f0be-1959-b372-21ffb50b86ad,8333b42b-a232-5de9-81a6-e9e77d4fc55b,FAILED,443.4825640831642,2023-03-27T07:34:15
752e1b43-21b2-04de-85bf-5043d233d377,3b0f391e-4296-0da2-2e73-f2af55205c40,PAID,1313.6629568028663,2024-06-11T09:09:01
69273283-19ae-a9c8-911a-699764160152,54e480f1-9d93-b104-5445-d023b152c043,PAID,1309.5773717604322,2024-10-09T08:56:46
ed4b2e87-f99a-95a0-c059-2be7944224f9,3c8b9360-293d-5267-979f-59002c512433,PAID,762.4706704547382,2024-11-10T09:49:03
7fe700eb-2af7-00ad-0e59-ee473513789f,f0d52dd6-d9e7-c69d-da09-c99ff1d6c3e1,PAID,771.3577086956266,2023-05-06T08:35:33
81fdb640-2b3a-4f38-eebd-1df5310ebff3,ca730576-3fdc-851c-5b17-f9884e103cd8,PAID,462.6356506103414,2024-12-12T08:46:19
d03460d5-bb85-6835-8909-b3b167c8b193,47d05437-1579-19a4-e458-1529e4026895,PAID,569.4392546437807,2024-07-09T15:57:32
2e96b5f1-6518-0296-1b21-1aa880d4bc67,f40d4f9e-4c6e-7499-06dd-bb29fea7f574,PAID,490.0238437532038,2024-12-16T00:54:15
30be70fb-0de5-f495-c670-f0389eb5104f,ed2a870e-2901-005f-8d0c-a4b6b06896ae,PAID,821.2316507216766,2024-03-03T11:27:35
780140d4-4859-1620-344e-b770393ed56e,86b48413-710f-0cfe-4773-7a31c5cb5704,PAID,762.2007462762816,2023-11-19T23:15:55
cd4b6f6b-eb9c-85f0-d113-c9fd3caa38af,06ac8e0e-42f1-0917-f9d1-4f93b267db7f,REFUNDED,790.8787606132224,2024-10-17T14:23:52
d2855091-fb6e-444b-ef01-299e0c4c9f04,00408141-1ee4-85d5-3e56-524be78c7819,PAID,1220.0138642864745,2024-04-13T05:27:35
0ed314b3-bf85-3c89-229f-cb13e26f2064,c2a661b6-2e05-6d9d-0b18-20ccbdb785f9,PAID,1142.7508282169392,2024-11-27T04:47:32
5131e498-e4cc-50f7-5659-90a84b627bff,cf90a3c4-f505-46df-9a98-b8ea1535da5f,PAID,1275.226954146008,2024-10-16T13:27:07
0d54ad40-efbf-56f7-db32-3ca606637d28,59d70de1-e232-263c-790c-94db3a6eb4cd,PAID,887.8618655747007,2024-02-03T09:23:46
e8831bf7-1316-8e94-fb7f-ec9825330e0a,18a5a5a2-c100-001d-7a9f-46bab2b1b4c4,PAID,1222.9749302977239,2023-01-01T00:00:00
ec00076f-57af-1b71-04b6-a6b5edb3e074,f7b28584-0e6c-9d89-86cc-098793d323a9,PAID,1402.5074846277544,2024-07-11T05:57:18
29e0ad45-f525-42b4-9bcf-82707399595d,ed2a870e-2901-005f-8d0c-a4b6b06896ae,PAID,1255.2279092421581,2023-01-01T00:00:00
64d029ce-d50a-1fb0-bb29-5baee99f1e0b,0ca6e7d0-15d0-3788-8021-4f4891e11295,PAID,1233.5948029925707,2023-01-27T23:47:09
c496944d-52c6-6681-aa3a-534000d0c6d1,18a5a5a2-c100-001d-7a9f-46bab2b1b4c4,FAILED,212.16976722718428,2023-09-22T21:22:40
c1bf509a-b7f1-c227-8ad0-43d5b9957cc9,d81da416-9c3a-421e-9580-cc3ab98cdb73,PAID,695.156101566023,2024-01-21T00:29:39
3049e146-2f67-bd73-e863-fe16144424d6,2527b9d0-40a9-4d3a-6354-259492e31cee,PAID,652.3472605185137,2024-05-31T09:33:23
c1664160-6c6d-b7c1-1d18-bddf7c7a1ef9,d81da416-9c3a-421e-9580-cc3ab98cdb73,REFUNDED,357.2629721483651,2023-06-08T04:25:20
bc289750-ee96-2726-2721-fc72125ad45b,881357de-b53b-49a1-044d-9f0907a37171,PAID,678.0694559785269,2024-07-16T18:14:54
2883138e-82f3-5710-8b06-f95574bb0964,6095efa5-5049-057a-8501-b1cdfb3b4352,PAID,601.8751519244043,2024-06-29T04:22:44
6468fceb-123b-62ff-bb0b-37f07c03e7c6,2527b9d0-40a9-4d3a-6354-259492e31cee,PAID,733.8700924137444,2024-06-09T00:06:10
0cf47db2-2d8b-7694-1b83-89e83f636616,6dc5e81c-60ee-7e0e-1f92-16426e2d910f,REFUNDED,570.2422919308825,2024-09-08T07:56:49
73f8fc33-7190-70a4-e1b5-480a74713292,54e480f1-9d93-b104-5445-d023b152c043,PAID,0.0,2023-06-20T14:11:41
cd8940d1-4fcc-e38c-f7b4-cc1f87b268e8,d81da416-9c3a-421e-9580-cc3ab98cdb73,PAID,866.8716510577013,2023-11-11T14:53:01
9a578852-4001-b5b1-0c84-e546b0fbf73e,fc40823f-a717-0505-5075-8c9d0b5e9bd1,PAID,907.2623282848023,2024-04-29T01:20:28
a0ba0f42-f074-3c8a-1dbc-dba58e8d106a,db273aa8-29ca-c886-6b81-e5e9ce40a186,REFUNDED,1061.2378222630334,2023-10-12T02:53:01
b06f905c-d60b-0af5-d9e5-55df4f677c89,72cc2086-2978-9f64-6a9b-68de170f467b,PAID,689.6662539402796,2024-01-31T14:23:27
1390136d-e556-e463-5e8f-44c6b502116e,e8b35a37-4fbd-d578-23a2-e2846a7bc979,PAID,1068.9957618368362,2024-08-06T23:12:25
c17ef27d-3584-9e64-b7d3-04185b5537da,d86d8a01-e726-15db-f47d-22b6e898f970,PAID,1246.0325247231285,2023-08-25T14:43:04
f7332b9a-926b-6535-2d3b-8a0d6a8313b6,e188e89c-4f45-6c79-556a-3ab789f75455,PAID,769.5163371640247,2023-04-15T19:07:34
b3f8fcf4-4ab3-3efa-0440-1ae50426cd7c,54e480f1-9d93-b104-5445-d023b152c043,FAILED,0.0,2025-01-01T00:00:00
00cf0526-c2ba-7209-7878-138864d7abe0,0ca6e7d0-15d0-3788-8021-4f4891e11295,PAID,1019.2695827874908,2024-09-01T17:38:28
51f9e55f-a373-4827-c627-b13f8fc03436,33bc8405-0a54-a6bc-9fea-b151a6462c08,REFUNDED,454.20219703138963,2024-09-02T16:52:52
b6d2d957-edf6-1ee5-5c03-e29e6ad891c3,3df15b97-9a11-d3c4-4cd5-546e0d3bb33d,PAID,527.6203370268838,2023-08-18T14:19:15
21821c0a-9675-8efc-e96d-7b17255d5272,652a91e5-90d2-863f-598a-1455de7e8cec,FAILED,451.7746328257502,2023-06-05T11:27:55
f6edcc00-6c01-b1f0-f382-779c98369c13,9e86688d-16fa-bdff-4b59-9252f8f12da1,PAID,1059.777560889798,2024-11-04T08:41:26
8cb29957-a149-0d35-f70f-8cc1bd8d4fe4,99759137-286e-e4ef-e61c-66bd7018ee3c,REFUNDED,1001.2139153150234,2023-11-28T13:31:19
8ab78838-f514-256d-4546-39b50fb0dedb,18a5a5a2-c100-001d-7a9f-46bab2b1b4c4,PAID,963.9073995675386,2023-01-23T15:39:34
68b75892-a365-c0b8-b41b-18a2b0a08ba5,f03b724f-a6bd-1235-f0ed-0e0f7c5e2061,REFUNDED,838.9577242619288,2023-11-07T06:57:55
5f1ebf26-6b2a-6c93-69b4-9439fdaebcfd,29a83e44-7d43-bc58-c1d5-2b3cc09e4e96,PAID,2000.0,2024-10-22T16:43:10
a3808a3b-91be-6059-47d6-44b3b6690315,f92b0fc1-9791-f3e2-860e-670bbec95d8e,PAID,2000.0,2024-09-17T14:48:24
d47b8704-8e01-f046-0930-49dd8064e554,ee53db27-db7a-6044-50ca-f176ff78ae39,PAID,741.6651948379696,2024-02-06T01:23:22
f3ec56d1-5335-7ab8-6e8f-75e03eaf9f61,1995f4b8-9bff-55e2-4db4-9d147cc57a8a,PAID,854.3555824328158,2024-04-22T00:35:03
561e4d10-2ed4-45a0-ffda-c5aa46c697d6,e188e89c-4f45-6c79-556a-3ab789f75455,REFUNDED,674.627971306087,2024-11-02T23:07:30
7f2c11b2-195e-4a35-5264-43a391ac5e24,83589b61-6ae8-a102-ffa2-9c83af84c95b,PAID,2000.0,2023-04-11T09:40:44
d0f23604-ee3c-fb27-155a-931fbcf6d1a0,12eb2146-d6a7-cdb8-f9da-e4afa0ce55bc,PAID,804.3431288682037,2024-02-02T16:01:07
feb922c4-8604-a328-41ee-ead3ca07d972,e8a4fa15-3cc6-f2e4-cc5d-b04a0f9040fb,PAID,672.1144436121294,2023-08-02T22:17:23
edd17b0a-2b77-6288-488d-abf60311842f,08a9924d-810d-4a5f-deab-bccf4fb22096,REFUNDED,1018.0146692579407,2023-04-11T02:19:52
4c61bd41-75ef-2ff4-9f93-7df77c18ee8b,e8a4fa15-3cc6-f2e4-cc5d-b04a0f9040fb,PAID,672.0707670592227,2025-01-01T00:00:00
a60e187a-aaf8-9a8d-02bb-ea6f4eca3fe1,1586e47c-d19a-6f69-156d-82fb6b390aad,PAID,429.98553820319984,2024-11-17T20:42:50
dd02685e-7ea7-1590-29bc-0351c05d0fb4,cd5b929b-8b61-5651-9d83-aee44aab5239,PAID,918.6624562696946,2023-03-24T09:35:34
f626964e-9bc8-bec4-8417-7a940d8f9588,b2efe0f6-f5e4-2b55-71d6-9fe98339e1b6,PAID,986.0880606826462,2023-01-01T00:00:00
306cbb5a-1303-a6a7-330d-7ebb8bc27302,d0efcb46-4a39-4352-911d-dd224eec2fa0,PAID,717.0767023386724,2024-11-18T03:20:08
089b53f1-f9d9-c9a1-54cd-2dca163a39ed,98d73126-6823-e555-df16-3e5ec2307269,PAID,842.7158117770504,2025-01-01T00:00:00
570509b9-ff64-5b76-0861-b19c145b5b53,e64258c6-c3ff-82cd-4eec-5959d32b8cdd,PAID,970.556021516294,2025-01-01T00:00:00
8a94bd9a-b2b3-53d1-ec11-38fd4268e010,c2a661b6-2e05-6d9d-0b18-20ccbdb785f9,PAID,1450.102181816221,2024-05-04T17:57:12
f18e3e69-2f6d-3604-c365-09e7e650b6be,79ded677-079e-9e41-7f6f-d89352910750,PAID,2000.0,2024-06-15T23:40:32
43cd9f79-aa79-4522-d593-91d8e5d2226e,86b48413-710f-0cfe-4773-7a31c5cb5704,PAID,825.123496963932,2024-12-08T11:05:53
97935700-2878-44a3-fbb1-b18f09b65ede,1660b2d7-9bdf-d53f-f85f-ec555e671337,PAID,1448.7140070502883,2023-01-04T03:11:48
4bb96229-c38f-1de7-5a31-9bf85f7680a0,a21c12f5-7678-c445-037a-efc8bea7f6b3,PAID,1188.3503485904548,2024-11-19T05:27:07
4ae7c3aa-7502-aced-1285-530b700b9ef1,52a2816f-6fca-0e38-75ca-194fc24e9830,PAID,554.3880496488267,2024-04-08T10:03:58
d962238a-7de3-ced3-abd3-9b2c662be946,7d768b0a-278f-6a21-84e4-a3dd3d168215,PAID,472.96079874748796,2023-02-28T09:14:10
3285f53c-cbf8-9a09-dfa3-6bd1225221c4,ca730576-3fdc-851c-5b17-f9884e103cd8,PAID,831.4941189193737,2023-12-23T08:06:49
4db230c3-feb6-c7b5-d818-874fec7c2c7f,1ec3496c-a0ed-f378-01de-4434fdf61ffc,PAID,926.481589125999,2024-12-30T12:20:26
3384be72-a98e-3665-be19-a0f6426faca0,6095efa5-5049-057a-8501-b1cdfb3b4352,PAID,774.0224132986948,2023-04-18T22:00:15
8d1c5bbe-8416-8803-4c97-e48a10413b77,6dc5e81c-60ee-7e0e-1f92-16426e2d910f,PAID,813.0938806732911,2024-12-20T22:39:36
60f828e1-c82b-dead-5e46-a91b0d74b150,77b3a40b-76a6-fb35-cb5a-9f4bcb0bf07b,PAID,0.0,2024-08-31T23:05:17
fe99f153-bda2-45f1-95b1-a7e23942bcf2,1ec3496c-a0ed-f378-01de-4434fdf61ffc,PAID,587.5194737947212,2024-09-17T02:18:54
1a3c5f06-0b68-f544-828c-89992149c966,9e86688d-16fa-bdff-4b59-9252f8f12da1,PAID,379.33585560388974,2023-09-23T04:39:37
87aaee8d-059f-94f5-9769-3a575b7775fc,42b2c66e-5d27-585d-3a71-f7627e75ed27,PAID,1299.8345897179508,2024-03-07T11:35:24
73529fb3-5cc5-798b-82af-4df552ad7b80,1995f4b8-9bff-55e2-4db4-9d147cc57a8a,PAID,433.5983528821627,2023-01-13T01:32:09
85732d73-1c5b-0915-22c1-f0bef2c3a9c6,1586e47c-d19a-6f69-156d-82fb6b390aad,PAID,694.3098159207402,2024-08-19T16:56:26
e2b1a5af-9805-b820-c4e8-312f228c1951,06ac8e0e-42f1-0917-f9d1-4f93b267db7f,PAID,861.8547105429968,2024-10-21T23:56:43
346abae8-391f-8d4b-04cf-b8f4791dcdbd,e0575ac9-df22-edd6-0763-6f6c349da041,PAID,2000.0,2023-08-01T11:20:15
08a957f3-3ffd-06a4-7ef5-1e0c3d2828f9,fc40823f-a717-0505-5075-8c9d0b5e9bd1,REFUNDED,1310.9754864563715,2023-11-27T10:30:19
cd170206-a4c1-351b-e0b9-8f1f3adedb0b,7d768b0a-278f-6a21-84e4-a3dd3d168215,PAID,397.9173748846804,2024-02-19T08:46:43
b8f5fdcd-e14e-0876-81e3-f099472f6c9d,6095efa5-5049-057a-8501-b1cdfb3b4352,PAID,1012.4591787559762,2023-03-23T04:25:20
73c80f2e-fc0f-1885-9e9e-5d25e65f0943,fdb15588-7425-ea0c-917d-fe82cc5ca7a2,PAID,260.3527283220583,2024-08-07T06:23:44
6f08cccd-d0b6-7a0f-58fe-0ab748ff95ed,4d0c59a6-28fa-fcef-f0bb-4d77aed58101,PAID,647.4022860298711,2024-08-29T02:10:47
33b414c4-3795-21bf-fdd1-6e56ed5a7ddf,cb52cd13-ce73-2862-01be-35db62469b63,REFUNDED,2000.0,2023-01-01T00:00:00
644cc427-dcce-ceb8-0212-5edd55030df6,c2a661b6-2e05-6d9d-0b18-20ccbdb785f9,PAID,829.4683983849759,2023-05-06T16:20:57
ac7eb2c1-e0df-f932-1ebe-881a4a3bf8e4,8239c450-8606-2e04-c580-ea9530bf4656,PAID,1248.039109411836,2023-06-29T10:56:06
08d9a4ad-476e-6a80-eacd-a84304be4b36,12eb2146-d6a7-cdb8-f9da-e4afa0ce55bc,PAID,216.82659691924923,2023-07-03T23:31:39
51a4499f-d671-202a-9780-e7e69d6230b1,9da9fcdd-f183-511a-922e-ba11a8756c81,PAID,464.46477615468973,2024-03-19T15:31:18
39d5f743-9ca5-6e27-56c4-8fef1411330d,1586e47c-d19a-6f69-156d-82fb6b390aad,PAID,509.5395172664169,2024-08-24T19:00:32
dbb4b8fe-8485-fce3-b23e-6bca58759307,12eb2146-d6a7-cdb8-f9da-e4afa0ce55bc,REFUNDED,554.9091610464715,2023-01-04T12:37:26
158ea2fe-2100-1358-116f-572f7cbf1062,cd26744c-84c1-d092-111b-bd54859f72eb,PAID,1181.7845093280132,2023-06-20T09:16:26
8948fcd5-e6d2-d13b-45a2-ab302bf55b3f,f0d52dd6-d9e7-c69d-da09-c99ff1d6c3e1,PAID,0.0,2023-03-03T04:15:59
de6db808-d70f-c0c9-e01c-2a8f53e063e7,98d73126-6823-e555-df16-3e5ec2307269,REFUNDED,528.3506307951463,2023-01-01T02:14:32
34620a76-2c29-389e-65e1-1586d26daa88,6dc5e81c-60ee-7e0e-1f92-16426e2d910f,PAID,1222.4309900689784,2023-12-23T16:09:09
60e719c3-24d6-f21b-6254-9c906595dada,08a9924d-810d-4a5f-deab-bccf4fb22096,PAID,1165.206382805625,2023-01-01T00:00:00
ab414577-6579-0a5c-176f-25f038825272,827c285c-d225-88a0-a892-a229b76b04ce,PAID,765.9604614797321,2023-05-23T13:42:29
1e0eadfc-bc2e-3943-4c23-c26ca0bf990f,e64258c6-c3ff-82cd-4eec-5959d32b8cdd,REFUNDED,2000.0,2023-12-21T12:50:50
4b24fb2c-fd00-163f-0559-30baf03d409d,03316cf7-d092-76df-2859-04b3da499505,PAID,704.7118039326266,2023-04-28T23:00:22
b9a904a4-1631-73d5-8926-141376a02d19,c2a661b6-2e05-6d9d-0b18-20ccbdb785f9,PAID,1029.8644795372747,2024-04-14T17:11:24
1c5c7836-e776-8269-cc6c-c942cb582f4f,98d73126-6823-e555-df16-3e5ec2307269,PAID,1126.6958753698025,2023-01-19T18:31:03
17bf2b70-0337-1dc7-4425-075ee8d55453,dcd91741-aaf3-96cd-8716-0318b66d07c6,PAID,521.197898000112,2023-05-04T11:51:12
ef46fdae-ab62-f3ae-8ed2-c7308b77f3a7,51553954-43e7-4dfa-2668-3ccc619949a9,PAID,2000.0,2025-01-01T00:00:00
a40321b1-2c40-c5f4-efde-65f260a32bda,c6e19c16-5174-1b4c-e423-78870134a613,PAID,1093.5993062673854,2023-12-08T04:41:07
9245a460-a9e8-1824-334d-ddbd0a414a94,78147fc9-5d02-9b16-7f8d-2b7114dbfcf9,PAID,779.6545720522216,2023-01-01T00:00:00
5ea4d2da-6c0e-0b83-3130-97619ed81487,4d0c59a6-28fa-fcef-f0bb-4d77aed58101,PAID,457.70034735592293,2024-12-27T11:34:06
6d8ce72d-22a5-fc5d-d1ee-f86e25be345a,f40d4f9e-4c6e-7499-06dd-bb29fea7f574,REFUNDED,983.5317720544032,2024-01-30T02:36:31
59d7a7a1-027b-2c55-28e3-1eb648c17d3a,57925d67-84d0-c896-8697-7a9db9604943,PAID,728.2273606357961,2023-07-09T18:29:57
dcc85b0e-1a9a-8b35-c665-50da387f516d,d81da416-9c3a-421e-9580-cc3ab98cdb73,REFUNDED,1070.284599114594,2023-10-01T16:47:54
b87c2be2-3fbf-5d8e-7325-1927c8de21f2,e0575ac9-df22-edd6-0763-6f6c349da041,PAID,517.1812729706859,2024-04-07T06:00:14
e15eed56-3f96-7686-718b-1a2e214437f0,18a5a5a2-c100-001d-7a9f-46bab2b1b4c4,PAID,1054.5775300206597,2024-10-16T10:22:50
e0bbe668-3810-6ff5-5860-e5960b95e673,babd95a0-6276-2296-8837-59672044d760,PAID,463.626827218756,2024-08-28T19:34:01
013cee09-daba-8b1f-ca42-aeb0ce9ac101,06ac8e0e-42f1-0917-f9d1-4f93b267db7f,PAID,182.3476682930787,2023-01-05T22:17:11
c3b2733d-a21d-5334-6bd5-67a82066aabf,79ded677-079e-9e41-7f6f-d89352910750,PAID,2000.0,2023-01-19T20:36:11
69e08c4f-f2b4-b9ab-2f6b-69a56d1229c3,1ec3496c-a0ed-f378-01de-4434fdf61ffc,PAID,1199.1976339311482,2024-09-07T22:27:02
c342a9c1-18c4-eb82-a54d-644d0f5ab598,6dc5e81c-60ee-7e0e-1f92-16426e2d910f,FAILED,326.4253473181097,2024-09-17T17:47:59
0f073491-0f13-922b-c67e-d92df72037c2,d86d8a01-e726-15db-f47d-22b6e898f970,PAID,0.0,2023-11-16T06:30:28
72264ba2-ba2d-dacb-0a35-ab6ded96128c,db273aa8-29ca-c886-6b81-e5e9ce40a186,REFUNDED,1070.450655339253,2024-11-26T03:31:16
8d86d214-df02-fa71-0b95-fa13e1d30054,ee53db27-db7a-6044-50ca-f176ff78ae39,PAID,903.2983334046648,2024-12-15T09:49:09
ec3cb447-ccf4-f4c9-7b4e-156879755235,e188e89c-4f45-6c79-556a-3ab789f75455,PAID,1070.9733391111067,2023-12-09T05:20:19
e38c9ec6-df52-2113-3b0a-42d2ed45a551,ca730576-3fdc-851c-5b17-f9884e103cd8,REFUNDED,1123.1919590487437,2023-07-31T01:52:27
90f4d2a5-d786-8b60-9fc5-0187eaa1cc5e,f0d52dd6-d9e7-c69d-da09-c99ff1d6c3e1,PAID,164.02747696613469,2024-12-06T00:33:55
ab88ad42-be89-eec5-618c-6fa76991a130,54b83099-fc73-7536-c4a3-e51b19ca722c,FAILED,234.96836342858967,2023-03-09T09:24:09
bf9a08da-5e27-883d-7ad3-e540a92cb2dc,f3c8ea40-b043-2fa9-8a20-0ad3cb37e219,REFUNDED,1396.7790474734607,2023-10-04T09:49:53
1ed11332-fd01-a5a9-2191-225eb52854b2,78147fc9-5d02-9b16-7f8d-2b7114dbfcf9,PAID,976.616215388891,2025-01-01T00:00:00
da18fdc2-301b-4bc0-ad75-1c17941f6e35,525864e4-ca39-72d8-2b2a-e4d2b3f045f1,PAID,0.0,2024-05-11T13:51:00
