item_id,order_id,sku,quantity,unit_price,total_price
d146777a-458c-14c6-8d45-b94ae677e072,452180b4-eda0-0c39-29b4-79809b8a1103,JLO-9270,1,141.8119651075051,1663.1009848469625
dc3b256b-2b33-e80b-9a8d-4152e3e077b6,cd8940d1-4fcc-e38c-f7b4-cc1f87b268e8,WRC-8470,7,171.3364541072982,2429.0031726079765
47651151-6efa-1f59-4e9f-c6b6db80dea8,60f828e1-c82b-dead-5e46-a91b0d74b150,AWK-4374,1,103.9569859503423,1.0
4f32eade-d33f-43de-c457-3debfd695440,da18fdc2-301b-4bc0-ad75-1c17941f6e35,DUE-0920,10,130.29570100201659,2250.8946608482897
dbe84b65-15c0-b5ba-3620-1b9c57a1d4c4,ec7abb1f-5371-588f-bc98-630ec91993d0,MRN-3981,5,123.02262657412926,2352.547539894243
4fec2e12-f081-23cd-f274-015496d8a619,4c61bd41-75ef-2ff4-9f93-7df77c18ee8b,CIU-7175,10,134.7505400713138,963.6597270031127
1f41e223-0223-507a-7d43-0b9d3666b46b,6839d4eb-1231-bda4-1860-5e2dfee94a1c,OBK-1873,1,35.90670203029464,1322.2029715512701
789ab49d-6e02-9577-3dfe-5102aa81513a,7c163f41-530f-0c2f-f031-164552f66312,FSB-7727,8,247.80182655559472,1.0
a6168f35-71b5-30df-0fcf-248412b9c58f,8e40a751-497c-2f45-2118-0d15d40a1a33,NKX-0426,10,113.8217294046099,2061.8911370636138
d62c6314-0e18-13e0-b22f-0607db06b621,e95f8360-c750-c403-a9dc-4e6bed2a4fb7,CMK-7203,8,198.57413935328543,504.667084052734
ec11dd11-356f-f9a7-950f-1b4e8f6fcc36,591d6aec-40e3-a384-72d4-c7d6723a8374,YHM-8097,2,174.7949822082355,2500.0
de1b0fc4-6688-ad95-1b36-1673b73632e5,013cee09-daba-8b1f-ca42-aeb0ce9ac101,VRS-5508,1,244.53985188031416,2403.6535604379187
feefdee5-1bab-cb4a-62bd-ad0b6b6613df,0274b372-e24b-5c74-8aaf-f4b2aa905b1a,JYI-3457,7,59.484893294769975,1325.8819571240565
5dfbabd7-8e54-d2ae-4907-ddc1bacd062c,da18fdc2-301b-4bc0-ad75-1c17941f6e35,RGK-6773,10,150.75397325164664,1947.1679919115413
71179e42-c61b-c037-86f7-a42cd74b1a12,81e83957-680a-0e7e-db9d-de499b66a3e0,IKL-8746,4,117.85628660087765,2183.2136903583887
d40cba0c-faad-aa4b-1cbc-024a5a8e321c,0cf47db2-2d8b-7694-1b83-89e83f636616,KQE-3481,9,134.47822639924496,2500.0
fbfaa5a3-be3d-ff65-87d4-864ebaa17c96,482b9116-a100-d130-7cf8-2a2362180c62,QSE-8500,5,86.82497599970235,651.1670423267916
97cacb7c-a879-2198-dd71-ba37a444ca70,21821c0a-9675-8efc-e96d-7b17255d5272,UUK-1378,10,250.0,1026.3066346757596
f8000266-fa3a-f368-3b97-64b04c5ad5bf,a1ff16ac-4452-8d8a-3057-0a03c092d728,YJU-8408,4,136.3717844275632,133.199495814435
b20ae4eb-3197-6dd8-a41c-c43b5295a5d3,81fdb640-2b3a-4f38-eebd-1df5310ebff3,XZP-1374,8,92.02808013454184,264.7564139853614
fcfd73d1-6a12-6b73-d60e-f6f4230c6f46,7b3b24b5-28e3-c3a1-8138-3b0e733c333b,UGD-6936,4,226.1656798203393,2500.0
92ce3660-46bf-bbf6-4baf-0bbe4aadaa0e,79de07df-1693-b383-ab64-0f7c6f65e663,UZB-0078,4,198.02804646739773,339.6336222877899
48fa98a1-5b80-487f-6762-94642556b2ab,2883138e-82f3-5710-8b06-f95574bb0964,JGY-1040,6,152.19678655799433,1998.1732929859106
3d9e4323-a81c-418f-b683-72f553e7c563,1a61c881-1866-dc1b-aace-7f7ff84198be,XVC-3127,6,72.78727698769819,1532.4139708419414
8d9b37f0-3991-aa1a-93f4-0a2d2f1f1e46,96c58775-c5ea-b292-a0a3-0ddf29def159,JHQ-0214,7,212.19034130550685,64.17571141822606
3fd64c51-e8fa-52c3-1582-67dc4b8ee755,d962238a-7de3-ced3-abd3-9b2c662be946,IZN-4842,9,100.3738848109319,1027.480267797417
ab89bb25-bb76-8f90-75f7-f8a2e017ae31,21821c0a-9675-8efc-e96d-7b17255d5272,LGZ-0407,1,171.19111184348642,947.120977964699
3ef066c2-3adb-9a08-f017-426e79ca468b,c2ba3e43-d423-73d1-74c5-830096731ea1,BRZ-2986,7,60.578333034654015,1.0
89846112-5005-5960-31cd-d13401e43530,ab88ad42-be89-eec5-618c-6fa76991a130,JEG-2256,4,48.85924339906931,807.3620204357317
444de616-cdbc-7c4f-02b8-899aa89f89ee,2fc2883d-824b-efc2-66c5-5856a98b0a94,JJO-6466,3,142.63595589009088,2048.38137038697
6a624b2b-ebd8-b7ad-62c6-22790f7f5b3b,2e96b5f1-6518-0296-1b21-1aa880d4bc67,JIE-4712,8,250.0,135.27063076935897
573a8534-d8b9-5bba-ee26-bdc7a8b46a52,88de8d49-c825-9cf9-cf59-c16d518d7aca,CNL-8715,9,233.5892760872257,2002.8988787779062
a9162c58-194d-4ccd-6f87-7998b2b17c28,948d83d9-b8fd-53d5-3854-c0ecb82b3d9c,MUJ-8498,9,24.26266532796669,1176.3341201465128
57881524-fa45-c058-cc40-bee7b57280a6,eca44bea-a303-5fa6-144d-db51457718c1,JJQ-9702,9,141.56580938363774,1105.1735028024311
071292fb-aab7-fe6b-c28e-1b85bc27e89c,b36f0ae7-2b5f-1d28-da69-90d81fdb4684,EFH-2385,3,69.39828040917452,2259.1002564906994
7f482be1-dc4c-2be9-c13d-3d93c5ccd58b,f7332b9a-926b-6535-2d3b-8a0d6a8313b6,NIU-2425,10,87.28866182084627,2266.6542084393936
94ff277b-2b8f-3bb2-aefa-49302bd927e9,05dc9608-e945-cd9d-2c4f-44e79c02e2ba,FOD-9231,4,148.82192969493013,1199.5747403024823
d55a50ee-dec5-888e-be5e-31a93694f245,fb224d53-f40e-c0e0-75ce-4857db5c315a,EJC-9233,5,168.5580817161904,291.8997896399969
3bc1e9fd-e0e2-1ba6-67cd-37b8e5a48693,42353ba6-fbde-4fbf-229a-508fc662efda,JBJ-2003,4,59.488433960864754,123.52612919600963
f45c932d-4bee-7144-a4a2-2368836129a5,97593685-0c40-e619-7a70-13868eef12e6,BQJ-4376,7,148.8521645202532,1245.3534258042657
f508ba9a-e9d5-728c-8f63-a5c8eb9130d1,87aaee8d-059f-94f5-9769-3a575b7775fc,DKK-9555,2,33.68021591841371,1976.132169299981
7aafe1b2-c8f3-f66a-d1c8-a3f1034243eb,ab5c7574-0d5b-1c4e-6c1b-51a708013b60,IHH-7204,10,155.79496152938603,933.7096269640555
c2c0790d-e366-2e64-21a9-0b9238b419ee,f18e3e69-2f6d-3604-c365-09e7e650b6be,VLG-7865,8,18.249748279419077,2369.69975509686
739b8980-8290-3941-aaa6-b1e4c7ccedec,8948fcd5-e6d2-d13b-45a2-ab302bf55b3f,OEG-9185,1,159.75831843973523,1459.90679748413
7fffb50c-4d20-c6a8-5d55-4a7db218ea5d,64d029ce-d50a-1fb0-bb29-5baee99f1e0b,GLP-1880,5,240.32536803782878,1074.9591020189791
bdaae60a-249b-a0ca-1576-3e8a444abdb5,59d7a7a1-027b-2c55-28e3-1eb648c17d3a,KCZ-2250,1,122.27224659928504,574.8391241951032
3686470e-ae54-1118-bf96-a59854ed0a1e,153b812e-7562-2adf-cec0-cbc7b27341a9,BLT-2851,8,15.580965976590742,988.9876952987854
785a59d3-45a7-187b-5a30-43fcd89e9c3f,39d5f743-9ca5-6e27-56c4-8fef1411330d,DXL-0192,1,164.20564089621072,212.5829724947471
35b8b70b-a26a-d6a7-29de-688503704545,1a3c5f06-0b68-f544-828c-89992149c966,QDV-0243,10,189.36682721121423,29.590892063864505
98a60dd4-09d4-f061-851a-ccb587ec9707,7cc37950-5bcd-4aab-d222-5093310dfcaf,FBG-0085,9,85.68663558602846,807.2190564083444
18021d92-ba39-904a-886b-715ac1eba33d,00cf0526-c2ba-7209-7878-138864d7abe0,SBE-4538,4,5.5416526106015445,2359.3657090665383
fa37abe3-9fbf-1075-00e2-155ed1178fc9,0f073491-0f13-922b-c67e-d92df72037c2,VGY-3494,7,181.31615668864055,914.0459645579565
fe213f01-d5fd-5e5e-35ba-5e9f909c684e,edd17b0a-2b77-6288-488d-abf60311842f,BRL-8088,6,1.0,1602.6696628975785
58c71a7a-282a-4df2-41f2-8595e9ca2cd3,35cb4022-ae84-e55f-99d0-67c178740217,YTE-6122,2,244.46163137372218,1.0
a1729b46-6d92-169e-5b2a-aecb8c11c3a3,ec704c17-cc5d-1b2b-f6c9-080b03829dfd,YEU-7353,9,82.03002782386284,1137.0754165108901
9329ad59-a6b1-24be-280a-d2d039cbcb4c,1ff7f793-3338-329e-d6fc-2266029cc152,WCB-6066,1,148.42513132893438,2346.0444127364894
045ae92c-59f6-a20d-934e-e536c85daf41,29e0ad45-f525-42b4-9bcf-82707399595d,BEJ-0449,1,82.90011592137124,1247.6595368712908
810d54c9-da26-677f-e4d3-67f11ec46642,49aeb22c-acee-13a1-43a3-c0ceb92440b4,RAF-4699,7,170.09944130769964,1698.7610284176797
1c8a0c3e-7eb4-b3fe-b0dd-bdf4d725e3c5,9a578852-4001-b5b1-0c84-e546b0fbf73e,ODU-5446,9,247.32024172898082,2500.0
84f134f2-5409-d659-233c-dc41d7d85d0c,1e774e22-f5d2-c3e1-a17c-5693b9aae943,HEK-9545,1,110.11514448431045,1902.1107803188906
944a4701-947f-858c-e799-bc1635d8f977,5cf1aec6-b0c3-189e-b827-35960449c354,JBY-1624,8,149.85445584817083,1269.426068667733
f18c25e0-a1f8-288c-0e43-ed4a8ba0e42f,e95f8360-c750-c403-a9dc-4e6bed2a4fb7,FDE-7489,10,196.71342883752496,1168.0349087428394
ea118192-5e6f-9b16-6f22-6e6360b8d178,ad70b392-1589-ac1c-e333-9e673b4a2481,HNC-6375,10,78.85256630532002,1835.0328343535139
4573e74e-79ae-d430-2de2-9df73e610c27,d962238a-7de3-ced3-abd3-9b2c662be946,ETY-4822,10,11.798494475366734,230.60397227710354
6cf7be2a-94a6-b5b0-af2c-78c80165b501,cd8940d1-4fcc-e38c-f7b4-cc1f87b268e8,GNI-5656,10,38.82561966462094,383.6149268938538
2b023fb2-cabf-efad-8258-dd84c382906c,0c0a99a4-5340-0949-24e4-f2d1d8d1fa86,KKQ-8329,2,46.92250538775086,1005.388583512477
260066ad-2a21-889a-0ae3-b347736b32b6,64d029ce-d50a-1fb0-bb29-5baee99f1e0b,WUC-9716,2,250.0,1011.5055758718304
45bb4405-f934-603d-9a40-42b0bd8e8680,97935700-2878-44a3-fbb1-b18f09b65ede,ZIG-8324,9,250.0,16.3751844826263
42bb7a45-be87-e58a-91ca-5a5cde502bb5,ab414577-6579-0a5c-176f-25f038825272,KES-1040,8,11.960439871584036,1.0
cb5bb683-6fe6-c368-92eb-ba8e2a4b498d,9245a460-a9e8-1824-334d-ddbd0a414a94,ZZI-4943,3,143.32548306064854,477.156384676601
bccdd6cd-3487-8655-9f57-d5b8ea591682,c2ba3e43-d423-73d1-74c5-830096731ea1,ELM-3476,2,1.0,1498.1271063986233
0a8d0bbd-e2ac-1abb-1cc5-75f49abc8731,b38fc9bb-f073-e80a-e4bd-f5aede832d6a,GPO-9288,5,1.0,753.5466854645205
5a23670a-d77d-c973-69dc-ad32a4694a05,5f1ebf26-6b2a-6c93-69b4-9439fdaebcfd,HSJ-7953,10,136.56347112463064,506.9299476748588
5e6e9e6f-5eab-fb26-9e25-ff7c4873219e,c2ba3e43-d423-73d1-74c5-830096731ea1,MHH-4449,7,61.777400113677054,2285.3953283535575
275d2c0e-6c9c-486a-4ae8-9371113b3758,ab414577-6579-0a5c-176f-25f038825272,UKR-2248,6,126.38493729953836,1439.5312674645995
a3db1cc7-a330-4bb0-1517-9391fac7a855,f3ec56d1-5335-7ab8-6e8f-75e03eaf9f61,NPM-1490,2,134.23312543717327,1489.0047030442206
aa871257-157b-d791-0138-e74ab8ee0751,b87c2be2-3fbf-5d8e-7325-1927c8de21f2,VQM-4069,10,158.3466772241384,240.73845933277582
dd9c3131-7107-0628-880b-6c620f4276de,81fdb640-2b3a-4f38-eebd-1df5310ebff3,ZMO-7777,7,210.66463789677175,956.7808987960072
aa2da305-5ef6-5f96-9c45-30faaf4a4a77,2d5702f2-31a7-5049-ddf4-78f7af0f7c22,RSO-1871,2,49.25048322815821,381.5999428426626
338b3ac3-28a9-a1e2-1b8c-39882e5ee093,85da1bfd-51c9-c9d3-786d-b7c66de6a895,VHR-3962,3,180.86912492887774,1.0
3d406374-41f9-9edf-78ae-110435b6854a,7a0d8bc7-aa7a-8deb-27ff-19f1965238fd,ZJC-5353,3,111.84793504324774,347.1772237062111
9f546777-b693-d613-3201-ffce14314d21,21821c0a-9675-8efc-e96d-7b17255d5272,IZK-6177,10,1.0,2500.0
ba72a541-083c-432a-4e34-e5e60c340778,33da7e44-e826-d063-bc10-b686f4ce3044,MNG-1007,3,1.0,1137.6772239895124
dc12c515-52e4-d79a-b4e4-58d96232f82f,8fa59fe1-1de5-b3a5-a2d0-82842d1dc813,FBO-4558,2,13.478578603592233,2176.2465283447373
32c0dced-824b-9327-32eb-e11a4fe6bda8,73529fb3-5cc5-798b-82af-4df552ad7b80,SGZ-1868,2,92.33009577099556,2500.0
05a72feb-e0b4-d720-83c3-aa4473debc3e,316331b2-8f82-9a2d-d3ab-47ecaa9e1d87,TER-8967,1,170.76702393866336,1887.9211434954786
7e2fe1bf-9a7f-75d3-98b3-ed7c2f98b997,5557c3b6-7946-3977-d32b-7f36da3a429a,TOD-7382,3,105.27116828473032,433.9829362552779
f285e420-d920-12cf-5380-f15bbb633494,dd02685e-7ea7-1590-29bc-0351c05d0fb4,YVG-8713,1,190.77077233021132,1.0
c5c6f05e-40c9-b4a7-d500-b573922c6397,5b39d919-b66c-2912-a864-71f12b6d5dd9,DSI-0914,1,18.018963360046726,1965.3796534459896
807b6372-df43-8d6b-c024-5c40179e856c,0c0a99a4-5340-0949-24e4-f2d1d8d1fa86,GFD-4114,8,250.0,849.7465629413556
2997c6ca-df3e-e578-8478-b6583b49e99b,f8bf8967-6c44-572f-7495-62fc5cce8305,IPK-1317,8,104.89900453650134,672.2190701358717
8a804124-9ae1-00af-35b5-1aef923c8c8a,7fe700eb-2af7-00ad-0e59-ee473513789f,UHS-9945,5,4.209573122436731,2500.0
875a62ff-b4b9-2ce4-eb1f-9634e5239c08,e0bbe668-3810-6ff5-5860-e5960b95e673,BGQ-6577,4,136.0420742343729,300.4955716163578
ab684a60-637b-6b24-d731-655e16f1ed6f,8f68b483-4524-28a2-e660-4538b55cd1bb,ASK-2219,3,99.16868038152246,1.0
7e504455-0109-1656-67d1-d23335df6809,499fcdc5-b49f-e15b-6b6e-6df0ce0d994e,KGU-3967,2,52.537711963386506,2139.5295967128245
984ad8f8-0b48-78b4-1934-d6d756879aca,9a578852-4001-b5b1-0c84-e546b0fbf73e,VNK-1813,4,183.72671264866963,2424.560565099048
62507723-5ac1-b62b-0a11-3361ff893f73,e5ef2c40-e6e0-d4a3-26d6-38258797199e,UGX-4005,2,1.9863750798876836,2162.4295747340443
75831b9d-559a-593d-eff1-543f3d75a6f3,e9322c06-94b8-385b-bb90-87586e919a78,TGA-4459,10,232.71798301866065,2500.0
4cacf7a9-bd50-3911-0c37-1f36fb197db9,e3645064-1277-1fe2-e0b7-a57d3b799eff,VAR-9878,4,250.0,1.0
5656dc5f-347a-6ff8-ad05-3f5115b7cbd3,81fdb640-2b3a-4f38-eebd-1df5310ebff3,LKS-5185,10,85.88395927069652,1472.150448548201
188cb5a0-0406-6148-92d6-9d2a5087f056,8dc6e487-fe8c-3232-8c63-5ec793c64c14,JIE-3875,10,77.82683009710638,125.32901692389416
69e9e3b8-7c28-fabb-af54-189b61d3ada3,780140d4-4859-1620-344e-b770393ed56e,ZKO-9565,1,61.720624235385905,1.0
57cd891b-b931-ac49-e83d-211122378bf6,9a578852-4001-b5b1-0c84-e546b0fbf73e,RDF-6751,9,12.589394872497936,1.0
6e0c035f-19ca-5d5e-c71d-3c9b176fc13e,30be70fb-0de5-f495-c670-f0389eb5104f,LIP-9857,3,67.51951877637848,1113.82785519037
258abe63-914e-dbf2-baa6-c6543d84c0e0,cd8940d1-4fcc-e38c-f7b4-cc1f87b268e8,KLM-6806,4,125.55548011521384,108.82820578674428
3c6d5404-402c-27c6-d1dd-422e32833d1c,73f8fc33-7190-70a4-e1b5-480a74713292,MQM-1262,6,121.13472864374825,916.3764078098465
05607709-dd1d-a0d4-8936-04f903b688e2,a0d28db2-9537-da2c-8ad9-836da77e3b13,HFU-3139,10,161.52239706000537,482.7692818540966
d728d604-b8cf-051d-9f23-9fc1a27fdaf3,5d8230c0-a1f6-cbb5-b444-ce68f48ba59c,WGM-4679,9,1.0,1855.7028811376392
714241bc-a2c8-aee0-bb9d-8f660ad3299c,49aeb22c-acee-13a1-43a3-c0ceb92440b4,ZKP-7459,4,156.02386221605965,1598.8130102270277
0223c536-c44a-541d-81f5-293bdf9c3764,6d8ce72d-22a5-fc5d-d1ee-f86e25be345a,JBK-3762,10,118.72592382483784,2433.5087042470427
7d4d6247-2702-2692-afa4-3dba966f98d0,640bce81-88d2-c649-a922-0a9dc6db446e,DHQ-0205,10,115.56773236751468,2346.0841203146356
e2c6d3a5-0829-aec1-dcbb-0130ec8451a7,e9322c06-94b8-385b-bb90-87586e919a78,WLH-5524,3,63.62862742237605,1585.6668168029378
0c0f3575-85ac-9fa5-baec-81b34dbd45cc,64d029ce-d50a-1fb0-bb29-5baee99f1e0b,UAV-4917,4,227.63662352300219,2477.817442534761
79c32908-09d1-fe7e-20cf-ddac8148212f,dd61532a-1f16-9cfd-aa4d-e7ee4891ee7f,USF-9647,6,10.995187784617364,244.01131913866203
c583b15e-7f74-0cf6-cf53-d8a2d9b49919,d977ec19-d908-a058-d78e-1af5f244655e,LWI-5662,9,2.903650935357909,1913.0076897031554
3af78f4c-28d3-5777-be65-e8c969cd9444,d67eee04-d709-e5ac-7f8f-32fad55df31f,HUD-7076,6,1.0,2189.204200174622
daa0a9d3-e9e2-9ba7-b50e-dad7de6fc963,c1bf509a-b7f1-c227-8ad0-43d5b9957cc9,RWJ-8619,7,164.89223120122617,137.43940876337314
a26729d7-462c-f13b-f3c9-82fea983426b,d03460d5-bb85-6835-8909-b3b167c8b193,SPS-3847,6,121.94844312769344,1234.9431095816426
1a37f508-84aa-0f32-9863-7119c2656eb9,33b414c4-3795-21bf-fdd1-6e56ed5a7ddf,LXT-4181,2,48.973871054726004,249.01991966404887
765b483c-c770-0115-bfbe-a23fe88303c9,9245a460-a9e8-1824-334d-ddbd0a414a94,JUA-0140,5,13.461649907271202,1.0
5690967a-8567-0685-e850-9d07d508d7c1,c6cefd50-513a-28f6-3a01-9e4fa09e6c34,XGK-4355,6,235.09646503376473,64.32699296091414
a51df039-26bf-8125-898f-0bc65c223246,cd8940d1-4fcc-e38c-f7b4-cc1f87b268e8,TES-4610,2,128.4302549455124,2239.543163127453
d82cdbb6-bb4e-08b2-794a-cfd137d110d0,3384be72-a98e-3665-be19-a0f6426faca0,EKS-2108,3,73.2718613194924,2463.12178750537
15c2c10a-b163-056f-216f-f9d9dbb17392,482b9116-a100-d130-7cf8-2a2362180c62,IVY-0298,6,4.358776814647224,1051.3368471687977
4a8e88ab-a675-c1dc-b6c7-1b75e34b249b,f6edcc00-6c01-b1f0-f382-779c98369c13,FWR-7698,5,18.289622587665825,946.3214509767008
e164820e-d99f-2848-7e3d-851ba56c45a6,88de8d49-c825-9cf9-cf59-c16d518d7aca,FGD-9137,6,147.11892286999307,256.7707076227582
91e2fd3d-d3bc-10d2-8aa6-7cbfe5382f3f,fe99f153-bda2-45f1-95b1-a7e23942bcf2,QWX-9253,8,76.67001429754596,1611.0426171819424
854e2f88-d840-9620-356a-bbe3c39d1b3b,cca3bf57-0e69-ef17-51cf-2d1ed18220b8,LSG-4900,7,79.63466988828242,2048.016491076498
81453d59-ec6c-a279-a0c2-c7b0eef37ba5,a0ba0f42-f074-3c8a-1dbc-dba58e8d106a,VLS-3774,3,12.424637667671615,2396.2807103641035
298947dc-f1a0-e1a3-69a3-562a4ae9fcd0,153b812e-7562-2adf-cec0-cbc7b27341a9,DEX-9969,7,250.0,321.3645080171485
79b93a69-d933-0b34-6f2b-8b8c45e3256b,bf9a08da-5e27-883d-7ad3-e540a92cb2dc,ACT-1102,1,215.7422507671208,1421.8286556934713
bcdf3f62-b0f4-d21a-bb72-19daae7d2606,ab5c7574-0d5b-1c4e-6c1b-51a708013b60,MOU-8100,1,197.8432255702597,1039.4682647481013
0b8fc6ba-10a9-3c2b-599b-5a2d24f8798c,153b812e-7562-2adf-cec0-cbc7b27341a9,KQC-4967,10,68.2319363014364,977.191440079565
2217bbf7-0cfc-6923-2996-ff12e347dce4,e15eed56-3f96-7686-718b-1a2e214437f0,WUJ-8268,4,138.74218540636468,1362.7168336745647
47eef8a1-4bc2-c2d3-d725-17024a210444,a39a9ee4-9517-5249-6b24-2f0725db79fe,QDG-2738,10,250.0,1022.1788979410707
c41b55ce-c7af-68ea-c925-617a0bb3b902,8cb29957-a149-0d35-f70f-8cc1bd8d4fe4,UBR-1052,2,216.59467661303853,1681.2692376007983
f854442c-53f9-9cca-0027-27a0ddea0315,3285f53c-cbf8-9a09-dfa3-6bd1225221c4,ATY-4386,1,144.0986919869044,986.8597815930561
946d8770-45dc-ece4-fd33-83901eff7e72,5fba8cd2-d6ee-fc34-0928-00c7f3066f3a,IOP-4721,8,16.602528007559336,1943.441655043455
31a5089d-5b8c-17b2-9415-b7983fc053fe,7b3b24b5-28e3-c3a1-8138-3b0e733c333b,IIJ-0106,7,47.979127070899104,1039.9654047991448
00c89cd1-a6d2-59b9-6639-58386de7f895,8fa59fe1-1de5-b3a5-a2d0-82842d1dc813,OIL-5289,9,192.75867931172255,1958.4769915464387
135ca33b-62df-672f-4741-78b9a418aa3f,5019c3fe-dd68-e65f-cd2d-2a91ba93c49d,AAB-1017,1,49.11261275269494,1895.9193470191387
58629265-5861-b687-08d2-e974cfa7b192,767d6d27-9724-af01-9801-7fdef662f5fa,WOV-7725,8,250.0,185.11831900757366
c09a64ff-90d1-4246-85d5-29fe1ec32991,a60e187a-aaf8-9a8d-02bb-ea6f4eca3fe1,PWD-0044,3,146.3378599537149,334.38243224131156
3b71ed20-bfe0-aec3-3e1a-4e5f472960ae,7a0d8bc7-aa7a-8deb-27ff-19f1965238fd,UVO-9124,10,80.90620600262206,650.7877658973822
deca841e-aea5-f1ea-07f7-910518ca11dd,d0f23604-ee3c-fb27-155a-931fbcf6d1a0,RGS-2151,8,141.89659508155566,1.0
16f65299-4006-8f9b-9099-cdc0062662d3,0d54ad40-efbf-56f7-db32-3ca606637d28,FGX-2770,8,236.27812252282897,2445.3648651452722
5fea02af-0165-3185-1c9d-117b672c537a,34620a76-2c29-389e-65e1-1586d26daa88,EQQ-2897,4,27.624103499866756,1.0
7f1b09cc-f695-2f33-1ba6-359177f8af8f,4c61bd41-75ef-2ff4-9f93-7df77c18ee8b,WET-3465,1,86.56501302693515,2122.552158391836
cad2c52f-b22c-8d8b-b6da-c6d765d3eaf6,5d8230c0-a1f6-cbb5-b444-ce68f48ba59c,EON-9702,5,112.1068975265065,703.3840950838494
07aa1c53-3710-c04f-bbfa-110485ca3411,8f68b483-4524-28a2-e660-4538b55cd1bb,VON-9506,4,189.05273749640554,357.0170527856432
82353cfc-6aac-e0b5-216f-2d9793e49d6a,edd17b0a-2b77-6288-488d-abf60311842f,ABK-0265,3,250.0,2500.0
f0f7eb46-41b3-6e30-6644-59f641a85532,50f3663f-92c2-c628-5171-640307d35989,LCR-3388,6,159.47738616951256,370.06797769319553
0340a6c5-d161-76de-93f0-2f2e1d55f6d1,dea95a9e-c0f7-2705-b437-4554b113f725,IQH-6640,10,136.1552028696745,1.0
ff86243b-0ba0-e6a5-c2a6-6d555866a2d0,a0ba0f42-f074-3c8a-1dbc-dba58e8d106a,GSP-4980,10,250.0,1667.5636227915866
9415c8be-4caf-3c38-14e7-7b555144d2fa,f6ad2d0f-8d14-05ba-c54a-2189e8b37232,NTV-0626,10,127.69006502081665,2442.9597502952174
5ea11180-32ac-ba6e-62aa-81b3760bdbbc,4c61bd41-75ef-2ff4-9f93-7df77c18ee8b,ANQ-6610,10,250.0,2144.3821179353067
bc7a2a1a-e1d9-fd59-26d5-257aefbafa29,1a61c881-1866-dc1b-aace-7f7ff84198be,OMM-0780,1,86.25539959808737,2014.131953151604
61d15fea-fcb8-650a-6632-5ffa6b71e683,fb224d53-f40e-c0e0-75ce-4857db5c315a,KMD-7568,1,210.72762387400493,1643.3397997452453
bdf08116-0900-65d1-9bdd-88017cc5c3d1,6a15ea3a-6d66-4aa1-3d17-3bdb9bb4974e,DFA-4556,6,250.0,1045.359726034631
00d39101-6c12-e091-38fd-c1b48c10fe95,2e96b5f1-6518-0296-1b21-1aa880d4bc67,VKK-9762,7,105.94782664502446,2077.1875611281353
8e4657db-1073-251b-caeb-268ec9487fdb,08d9a4ad-476e-6a80-eacd-a84304be4b36,MUB-2458,3,201.94783054305194,2337.040429887353
2cfc9d50-2982-4ae6-cad1-bd29d64a4891,33da7e44-e826-d063-bc10-b686f4ce3044,RUW-6135,8,107.47599861920372,1098.0774889004742
eba2bc9c-16a3-da19-2b20-cd0673b10cd7,561e4d10-2ed4-45a0-ffda-c5aa46c697d6,HRM-1383,8,236.4856820380247,1684.6760038107295
a91e0255-4ac8-7b70-b207-740a315373f2,7f2c11b2-195e-4a35-5264-43a391ac5e24,BYU-9509,5,238.31699200452297,2217.2870388595175
20b4f5c2-648a-a6f6-a286-581243ed9aa8,b7f5ae09-694e-8e2d-1a7b-50c99ccbb061,DVO-6773,9,6.60354015436706,2242.2993599523334
326d6b4d-2b47-0bb2-4005-2dae7ac3178c,74e9f6ec-ce4b-25ec-8d46-01d7a84778f7,CWI-2126,9,147.81404108384916,910.9781216496226
b3f3f009-3ba9-5c7f-a227-38ac8b14b75c,306cbb5a-1303-a6a7-330d-7ebb8bc27302,QGU-0016,4,188.23484567843815,1002.0243167679562
9e8476fb-f569-8ce6-1eb0-2773918ec5d4,5cf1aec6-b0c3-189e-b827-35960449c354,PHB-7562,1,54.780882174580455,2219.082599442073
fdc6e94b-706b-0606-1959-2864099826ae,9a578852-4001-b5b1-0c84-e546b0fbf73e,UBS-8672,7,231.7309425533817,2251.6294378094794
e1c6bfbb-4212-9a77-4a04-796f65d14dc0,6468fceb-123b-62ff-bb0b-37f07c03e7c6,PBI-5793,8,43.86391920199767,1129.306905375325
f34fd02d-8964-dcca-edd3-155962dc218c,8f68b483-4524-28a2-e660-4538b55cd1bb,NFX-7091,4,178.75176645833028,620.3303538168242
9756e96e-9b84-f024-160c-7565b7e138cb,6a790bee-0db3-4734-aa89-1eea1222b959,HND-6616,6,227.09430699702142,842.2664404647537
c31427c5-9d25-8780-72c4-ff6ca3509a29,33b414c4-3795-21bf-fdd1-6e56ed5a7ddf,CKI-6420,7,160.91148348693403,1614.7304025768406
5f7d2793-0de6-2c38-afe1-21b867d71829,153b812e-7562-2adf-cec0-cbc7b27341a9,PSJ-9747,5,215.65729204008508,400.9694123926441
1831dd45-b120-6663-728d-6388a9e7fa60,dbb4b8fe-8485-fce3-b23e-6bca58759307,BNP-6836,1,113.33623773959827,820.3731667574178
c868dd00-157d-58d1-44b2-899548ccd78a,cca3bf57-0e69-ef17-51cf-2d1ed18220b8,BKZ-0336,10,226.43727594212504,2342.9945179011775
a436114f-ed01-c7b6-0f7d-3cde92a24df5,8cb29957-a149-0d35-f70f-8cc1bd8d4fe4,III-7971,7,8.201247579089959,2436.6765385252966
a034168c-019c-a74b-91bd-393692f70d6b,442b8db0-4092-acc6-8cde-0ffe980bf752,NHY-4070,6,250.0,217.0073844367286
ba856ff6-1b42-cfc1-de00-214c8b96e469,b6d2d957-edf6-1ee5-5c03-e29e6ad891c3,WIM-3184,10,1.0,1653.4296296585187
d4ea977c-18ac-6b1f-a808-c0c8edca5233,5fba8cd2-d6ee-fc34-0928-00c7f3066f3a,CFZ-8697,1,190.89333614617377,2454.8983324958417
4e1cc2ea-15fa-836a-4cc9-cdacb3b03bb0,e4d6d450-23ed-4858-7b86-5c1d1ca10b29,GTK-4698,1,17.874780249206243,2288.7277805424474
d74192af-a109-b1d7-f94f-c94b6277d95c,e38c9ec6-df52-2113-3b0a-42d2ed45a551,QXW-4690,5,207.1459928458942,1384.8353661879935
53ebbb4b-26c6-2963-16be-3753294470c9,644cc427-dcce-ceb8-0212-5edd55030df6,XZQ-3185,6,94.87718280172791,1492.9176269648717
026555a0-adff-1355-9979-9ac0845452a4,9a5f4a2f-e397-33b4-0906-c36f22afe6aa,RAJ-7155,10,119.29479993052192,796.1469523491271
c92c593c-2095-dbe5-92f6-44d50c1305b7,ab414577-6579-0a5c-176f-25f038825272,IKY-4949,10,195.54648307560848,1672.7003387411144
8300c3a1-b932-468d-2391-9c8526f5ed65,64d029ce-d50a-1fb0-bb29-5baee99f1e0b,AST-6255,2,110.29390506140489,1032.931202699119
1268d12f-cc60-ef19-7d0c-f41a6aa7828c,1390136d-e556-e463-5e8f-44c6b502116e,IXM-0703,1,165.49779146144448,508.1479123104122
cf6bc86a-23e7-8f61-0216-7193dc117e13,42353ba6-fbde-4fbf-229a-508fc662efda,OPZ-2765,6,85.43119123287369,1558.9695829991595
19b7ec1e-304d-5315-8dd3-b729c11cd991,0b971563-34ac-021d-f0a7-6cfc00b027eb,FNQ-7404,9,142.45906213823366,547.1284287135692
e5aad87a-9f66-0ca1-4bbb-fc2d81369df4,a40321b1-2c40-c5f4-efde-65f260a32bda,PCU-3820,7,1.0,2004.0213709813718
14113567-e1a2-6a13-ab40-594c761c6a5d,dcfe2b7d-f2e8-c14f-95c6-171ddaa4523d,MOY-9002,1,183.43454959786737,2053.512053005378
d1bb2d00-a408-2ab5-ee7f-d7660d1d7775,a60e187a-aaf8-9a8d-02bb-ea6f4eca3fe1,KIE-0813,10,91.62633502141053,1726.8475870466827
657a72af-c833-6a1d-85b1-fe1ae5a73c13,67676bb6-7ceb-0f57-3a05-660d4fe09254,EOR-1424,9,1.0,2059.5019363261517
3bc53fb6-43f6-48e3-2103-c56f54c58189,36ada3e3-d00a-d322-5ff1-8865a610416f,EEJ-4724,10,216.7719723302031,460.31245038991193
258fe714-c67b-f010-d984-b67d117e1319,49aeb22c-acee-13a1-43a3-c0ceb92440b4,NNH-6102,5,151.75452319263562,1021.4592660149148
7ccfc2d3-0956-ad61-0eb1-56902eb57ff6,67676bb6-7ceb-0f57-3a05-660d4fe09254,SUJ-8017,7,250.0,2500.0
b31ef827-3e67-e60f-a221-d10cc3bacf6f,bc289750-ee96-2726-2721-fc72125ad45b,HMB-5709,5,130.01966957053062,2500.0
0fdc79d6-8004-b67b-44c6-1f541b5113b1,3c916aec-9d04-5c42-bcdc-fe6a51236b2e,GBM-9036,5,27.420505744145075,703.8771262788077
28a7238f-0d13-63bc-6b4e-aa97bc05c800,4b5c53dd-0ae4-5696-880b-a53942b7b5d3,PIZ-2677,1,41.50145426585734,991.8175970491482
4fda830e-2973-185d-d178-147eb10da406,f6ad2d0f-8d14-05ba-c54a-2189e8b37232,HTP-4396,3,193.7188390378274,777.1955388152097
d0b09f67-ce95-5684-1d6a-953a70df3ee6,7cc37950-5bcd-4aab-d222-5093310dfcaf,MIL-0172,9,33.40047499397004,99.58652647750256
64dcc2c7-b3b5-c82c-a54c-b49b65d7ada1,b722b5ba-6b24-7488-79e1-84ec68961afc,MNN-3411,5,207.00094026807471,1922.9250720876241
480daa32-43ab-c976-12c5-6314cca36bcd,e95459e8-e035-036d-bc28-3f1ff25bc92d,FPG-1214,8,79.80170622551508,2444.6707149825747
3d748cda-5156-7b66-6b47-aad15e6656d7,8ff08a58-4d44-0223-c6ae-2967c2dba965,QLV-0730,9,238.13965841541284,2031.7493434008995
d2f004f8-2066-b4f3-3379-f49194a0dbda,5131e498-e4cc-50f7-5659-90a84b627bff,ORH-5335,5,232.69846515531003,2449.113581763527
2c277195-625f-b0ca-71bc-62ff0977fca8,81fdb640-2b3a-4f38-eebd-1df5310ebff3,QAT-9118,7,6.620884784774302,930.5573491012362
28d1b2f0-0763-1829-304c-900da7d12c06,5557c3b6-7946-3977-d32b-7f36da3a429a,ZKH-5716,10,211.57673287852762,1.0
b6eb124f-cf80-34c7-5ba7-53d587dc09b8,995718a0-e51c-da67-6f0d-2bc5bf04c44d,OIH-7968,1,28.607848861111556,1952.0360820897456
13e22abb-4e23-6f9e-b5cf-eef6c8977c75,b7a4241e-0590-80f5-4701-4eb58f2a00f3,JLN-8553,2,156.25924937078142,1.0
85669461-ecea-34a3-8119-8c04cea5b19f,e38c9ec6-df52-2113-3b0a-42d2ed45a551,KSV-8095,1,169.82819221268147,1568.6133781219548
68d661a7-d0e9-2f09-8fc9-ee08bdebbf04,fe99f153-bda2-45f1-95b1-a7e23942bcf2,ZKH-9317,10,56.636832110379764,2347.656892965173
5e486ca8-42e7-93ab-5d57-fb3919b1fde6,c17ef27d-3584-9e64-b7d3-04185b5537da,MSF-4861,9,59.94123567633001,2153.5126366916234
18cf5e14-a4d1-45ee-5ab6-63801e48f6ff,c342a9c1-18c4-eb82-a54d-644d0f5ab598,FUB-9276,6,212.58813151453458,2500.0
caa37a24-dc8b-c5d6-5727-94471a53f009,e2b1a5af-9805-b820-c4e8-312f228c1951,LYW-8120,2,245.14987309559098,1217.3181709424227
e1e2e669-3607-6371-b7d9-ab38e3fc2c2b,dcc85b0e-1a9a-8b35-c665-50da387f516d,DOC-4747,5,243.68369621982734,2208.207553752802
f7db8fa0-9a7c-f423-e979-f2ce4ff360be,98a00458-5914-190b-286c-59ef6e0011c5,DJJ-4965,7,115.25750061877012,1.0
54d95385-3072-fc04-f738-787193d617f5,8e40a751-497c-2f45-2118-0d15d40a1a33,EOH-1225,4,6.0902723283275675,250.60918691306483
30cb4ef5-c617-dcde-7d5f-8c2b4e04f703,1094d25e-ab4b-b453-e4ff-0790fbb33cd5,SMK-1188,6,1.0,1714.744029554178
b5c6adec-c374-c817-e028-25e340d4cb44,60e719c3-24d6-f21b-6254-9c906595dada,NTK-3117,5,250.0,2048.9160004955884
fd77992f-39a3-5fdf-c7bd-d01f12bdce65,e2b1a5af-9805-b820-c4e8-312f228c1951,IPB-6960,8,250.0,2500.0
f9a5d889-05c5-0264-0e04-ee794d918052,8fa59fe1-1de5-b3a5-a2d0-82842d1dc813,KRY-9703,2,56.261336541681636,306.0858170839987
ef1404ad-4a2e-ad57-eafa-4826d6804be9,f3ec56d1-5335-7ab8-6e8f-75e03eaf9f61,AAI-4402,5,250.0,341.02693549362544
606a06a2-831b-5307-b073-4fda48600b39,f626964e-9bc8-bec4-8417-7a940d8f9588,VBS-7336,10,250.0,1894.8351971945378
2e048068-6935-2275-923d-cdfc675fc377,674bd7ad-a5b5-4e99-f2fa-6f3880095f14,THI-8688,6,26.64709517829154,1151.7721156005418
d31dda23-83da-99ce-0070-3f75aedcc98d,013cee09-daba-8b1f-ca42-aeb0ce9ac101,TEG-9913,10,237.18005305571444,1552.8037599350964
553663c4-0b48-e659-e6fd-6b70fad5e83d,a39a9ee4-9517-5249-6b24-2f0725db79fe,VOX-5575,7,250.0,915.1599062077838
99ed6a12-0412-972d-a63e-c532d87e47a5,8fedf2ad-fc5c-22eb-e754-00202339ae91,ILW-3327,6,23.692536551798895,1176.819229505231
127cb240-c4a7-bce6-b2e9-db1998e84a6b,a21539bf-3a89-5e78-addb-b9c4eff74698,FMX-7120,2,188.66639385215367,1283.64142681768
0830aa41-8efd-5155-8766-425939a5c6eb,66ae44d3-aa50-54ce-4541-047911c4312c,SXU-5365,3,124.14901142415647,1970.547214743518
2b63ff37-29c4-8b49-73ba-91aebfda6c1b,52f91a5c-3349-b5e3-f0f5-edf8388c5a25,DRJ-8603,9,250.0,2500.0
c1b53b28-9a8b-da9d-9b76-2b6fa84bc1a6,68b75892-a365-c0b8-b41b-18a2b0a08ba5,OTJ-8735,7,82.63744338506315,403.1230309932218
97055e80-f8cb-05d2-3931-c958422e8309,dcfe2b7d-f2e8-c14f-95c6-171ddaa4523d,COL-6203,9,250.0,1.0
ab454831-d66d-02d2-98a9-2ead539221eb,ed4b2e87-f99a-95a0-c059-2be7944224f9,KRX-2504,6,124.70038441515183,1915.611759952836
07b6b786-3d68-34ee-abeb-16d486742939,1fb1713b-6bd1-3306-aa43-b61a42ffc5d9,MAW-8579,4,155.68854221668565,343.1274475815839
923e1034-57c8-fce2-97df-37687ab0d742,ec704c17-cc5d-1b2b-f6c9-080b03829dfd,AOL-7133,5,143.96955710461373,1434.3285615907682
99e08729-495f-ca58-82ff-1bb86f9d48ee,b7a4241e-0590-80f5-4701-4eb58f2a00f3,DGN-6994,9,59.813448905214976,1340.9956210167175
92379a85-76e0-e287-b432-68bb9026461c,316331b2-8f82-9a2d-d3ab-47ecaa9e1d87,FXI-5125,5,142.96022659694776,1816.8237753156825
f9e8f111-9348-4bd7-39bd-824f65aaa2a1,a2e43ddc-5fca-e4ef-1d27-e6e20011e54f,WZQ-7363,4,116.45087769374774,109.16227841816118
7842c57d-19e5-7894-cd1f-ed465c8ee102,c2ba3e43-d423-73d1-74c5-830096731ea1,IKA-4131,1,20.74624714028518,1947.0264225768642
236420a2-8568-13ca-98fb-37fc9379c0da,d268034b-7823-2fed-c6c8-e2163d3bfa83,RIL-9272,6,24.406358821435397,331.82253103966696
7a5d720a-b94c-0849-cc45-ee7d3702500f,c2ba3e43-d423-73d1-74c5-830096731ea1,TPV-9902,1,85.03995377355592,1293.4834969987962
cbf3ec15-21bc-ed15-df2c-d55e65ff6599,dea95a9e-c0f7-2705-b437-4554b113f725,IBA-2455,8,179.16874232461896,450.81914618887106
280e6ebb-1b46-3cf3-ed0b-7820d5129ea6,e9322c06-94b8-385b-bb90-87586e919a78,ULS-7692,10,176.43413100320305,1366.2775278022466
6c3bfeb5-51d8-8576-86da-9ff95a05ac81,a39a9ee4-9517-5249-6b24-2f0725db79fe,DYV-7805,3,1.0,454.8875082194033
a3ac580c-a084-6c0d-84fe-9d67132c978a,b722b5ba-6b24-7488-79e1-84ec68961afc,MLK-8204,1,228.9317758840819,2457.437068188829
64b35ffa-39d6-b626-6c32-8fce66bfc782,5b6a1412-3872-d564-ccf9-18ee9e942fd9,QXJ-4709,5,139.4690525870079,2500.0
872270b7-9350-1aec-b908-ccf85cdd877e,f1a6bde9-174b-e0d4-9a72-657e397474c4,KPR-2995,1,90.12098341578344,1537.3993400265542
8ca2b84a-aa3a-3ebb-ae93-5a88b38bc9c3,d977ec19-d908-a058-d78e-1af5f244655e,FRD-5175,7,1.0,2500.0
d9d45914-c93a-eb19-456b-33f01c20ad71,84068690-d1e0-5b14-aed1-4bc65eabec1a,HQK-7366,10,138.2045524382726,2500.0
31113598-9cb7-af71-92f1-601417a834e0,b3f8fcf4-4ab3-3efa-0440-1ae50426cd7c,XUU-3358,10,175.01794701398933,1085.5930557979761
ad0d1e5a-347e-1ba5-77df-d0dd0266a25d,8a94bd9a-b2b3-53d1-ec11-38fd4268e010,KIQ-7050,4,158.71051666569286,756.5459707243285
9e41ba8d-ba54-10d7-1f6c-a58e47cf909b,d49ae88a-387c-325d-39b6-f69914a2fbd1,GWV-8335,9,240.12530836357604,1614.8162111425074
dd03fb9b-231c-6e53-8b80-ed907aad89ee,97935700-2878-44a3-fbb1-b18f09b65ede,ERX-1962,3,58.76063666907827,1415.0802947235106
ad9efabb-9d59-9dd1-1156-7427ed55b3d1,67a044eb-3917-ff92-ac5f-dbd8f685b8f9,HJF-5792,4,165.4394067597318,1.0
5633dd7f-f04b-a3c6-bef0-c69ec93f1229,b676e13e-6e08-8be5-b22e-5e09568bcd9e,DOS-1521,3,111.48795133988214,2076.7702801665923
e375f203-6620-bd14-67f2-204261aa5f47,de6db808-d70f-c0c9-e01c-2a8f53e063e7,GNM-1775,6,1.0,1467.5631986855603
9ef792fd-1ce2-15a4-2a72-d533203a8d4f,8cb29957-a149-0d35-f70f-8cc1bd8d4fe4,QPY-9203,9,151.46247814004116,2026.335206438396
8f513aba-e58b-3fcd-766b-b32acd3c260e,dcc85b0e-1a9a-8b35-c665-50da387f516d,RMN-0656,7,193.75699638008507,1569.6536799397427
5a47907e-b2e8-0884-a5ee-1fb22248e2e9,5557c3b6-7946-3977-d32b-7f36da3a429a,VVW-3156,7,3.731639940450652,2500.0
a7c47380-3dc3-767a-fb71-7e57b51dee06,defba758-4ef9-c869-02ae-a385d92eaad8,HKJ-2564,1,157.3761183531332,503.08908718422816
1c70d429-5e2f-d658-f241-ac664624c3c6,e9322c06-94b8-385b-bb90-87586e919a78,PGZ-7840,6,153.79746762788605,671.8681698188676
b66c5daa-9a5e-b180-c337-fda25f8ff530,9f1b31b8-b84f-d95f-e2c6-2c8a10237ce9,FTW-7228,7,8.603944087240247,2485.5429753500434
068942aa-a763-acd6-c0b5-087f78e295d0,8fa59fe1-1de5-b3a5-a2d0-82842d1dc813,VVM-5669,2,97.13185842398958,2039.9299010278012
7ece7ef9-b108-b2ef-0e92-cfd08c13428c,de6db808-d70f-c0c9-e01c-2a8f53e063e7,ZUP-9545,3,204.3766513362789,273.6971183465595
ed95d22c-cd5a-ab64-3bca-283575b18443,6a15ea3a-6d66-4aa1-3d17-3bdb9bb4974e,JLS-7299,10,38.383372890641766,1074.8867111920874
22138aa9-343e-a64a-890d-2636feef908a,29e0ad45-f525-42b4-9bcf-82707399595d,KNH-5663,10,193.03867619934388,1829.1004805261696
419235f7-bad0-5612-9490-7dee79a5235d,2d5702f2-31a7-5049-ddf4-78f7af0f7c22,VCJ-1865,8,71.56221561179782,29.435619006894598
d2e320eb-d641-a8cd-b029-be2581747786,4c61bd41-75ef-2ff4-9f93-7df77c18ee8b,YIQ-8365,3,143.36575039639425,2500.0
3b7dea06-8d07-f4b7-76bc-da2248fe7e8e,158ea2fe-2100-1358-116f-572f7cbf1062,VAD-3676,9,50.58929594333828,1689.0209646941257
4cd5d613-107d-3fa1-b9cc-3263b213ce1e,1a61c881-1866-dc1b-aace-7f7ff84198be,OSU-5415,3,238.16133011030774,650.7014416198957
29e778f3-6f37-22dd-f3b3-597958c2c202,c7657cd5-f0be-1959-b372-21ffb50b86ad,IEB-4880,6,24.55761440642558,714.1834234868302
e4c53255-bc84-0154-4ad7-92180b80039f,223f4ffb-93fc-b6be-7a55-30dc7418be1b,KPY-3097,3,250.0,548.9352985563139
58b6c4d8-17a4-2146-1b0a-7ee31c78ed5d,6468fceb-123b-62ff-bb0b-37f07c03e7c6,OTL-0531,10,114.81995269632104,1651.6265071038583
eff86e2e-c1e6-b38a-535e-0d4a64559ef0,b3f8fcf4-4ab3-3efa-0440-1ae50426cd7c,XAV-7679,1,1.0,496.22711427832076
cd0d094b-6f2d-dd76-a430-a9368b1c676a,223f4ffb-93fc-b6be-7a55-30dc7418be1b,SZD-9764,9,250.0,2211.8603899930063
27834438-a88f-7918-b375-808f28ce5a7d,57db8f2d-9866-e607-f3ae-0107cb8a2069,QSX-0948,2,1.0,1062.90805712791
8fe5aea5-542b-2b1f-84de-8736cc8d8a63,c5094649-dd6a-a868-aca4-fbf55c0fa9c0,TPH-3696,3,195.91368556836738,943.3464764260443
8d3a29a7-6a51-8c9e-c472-5784f7747436,a60e187a-aaf8-9a8d-02bb-ea6f4eca3fe1,OCF-8490,7,1.0,1.0
752f685e-73d5-ff1e-42f6-31350c99f14c,7935336e-2657-cf24-dbea-312b62a2292e,MFD-0370,5,49.06969914606524,642.3494382532988
d6021f6c-7235-0760-a1c5-72c593b0e2fb,f3bfc586-3b14-c908-0f99-6e757499315a,WVK-7291,6,49.913673079869824,1161.1299216058705
87b1bbba-a4a0-55e7-43c9-b72318252349,1ed11332-fd01-a5a9-2191-225eb52854b2,JJI-2842,4,21.290906170932793,712.5646881101026
91325633-1657-5eb9-cb41-cb0f4489fe50,34620a76-2c29-389e-65e1-1586d26daa88,GBA-6380,7,34.5249343886787,2459.202237337094
56fd3eb9-e93b-96f0-4fa0-a4f1f5a558dd,1c229280-cbe0-3865-572d-1a8806b4eb86,TDN-3468,2,99.52496488387467,71.65359328916452
b90441de-fa47-46f2-c1e2-29bd98ec6ba9,f8bf8967-6c44-572f-7495-62fc5cce8305,LLN-4063,8,66.7062174461209,2500.0
495faa08-29f5-2586-d97f-c66cd8e392b6,21821c0a-9675-8efc-e96d-7b17255d5272,OUH-9171,1,17.828471280696153,636.9305026147732
08f85b3b-9ffe-592a-c49f-d8d609ec6a46,88de8d49-c825-9cf9-cf59-c16d518d7aca,ALV-2925,1,212.04520497577434,477.99308623667133
910855ea-fbcc-6e1f-432b-d78dd923a949,1c5c7836-e776-8269-cc6c-c942cb582f4f,XQM-9625,7,250.0,959.1341465397509
8acc01ed-26c6-4c79-9acb-11b2a4f174a8,15757ad5-955a-9578-e82f-70636591a7ce,QGG-7644,1,1.0,1429.1146014206918
b2f45936-34ac-6f43-cefd-6905efdb340b,dc834a15-d180-1844-b57c-a9217ecd9eb2,BCK-8363,2,169.23292491843813,2436.8844051665105
e711355a-2cd1-5179-9305-14f5243ebc4e,4ae7c3aa-7502-aced-1285-530b700b9ef1,KZG-4422,5,79.06957615131448,2500.0
a64ab7ec-3fd1-a26e-4d05-2a9749819e71,57db8f2d-9866-e607-f3ae-0107cb8a2069,ISN-0577,4,158.07350739239385,453.51856250051037
aac57f6e-16b8-8e93-47d8-e14610d96eb5,6a15ea3a-6d66-4aa1-3d17-3bdb9bb4974e,WAV-5233,1,126.52365941677982,370.7739149689576
bbf43207-e076-65fd-735e-c9c4cb7ff141,72264ba2-ba2d-dacb-0a35-ab6ded96128c,QHP-6271,7,1.0,264.2012281536303
63e511ee-2658-139f-e42e-80eeecebdc1c,7309854c-09fc-80c4-0dbb-6ee43717ae1c,YOE-6506,6,250.0,1121.80028166185
6a91cb12-0145-67ed-ef4b-a3a4a4e9b9ad,4db230c3-feb6-c7b5-d818-874fec7c2c7f,WFD-2077,3,250.0,1871.2693909946126
619f1455-9e70-6a43-790f-3cb8db1a160c,45d3c588-3d5d-ecb1-9275-4a3d421bc738,EMT-4774,10,81.46780111466852,1080.947675697095
6bb26424-4391-53cc-a442-c958b31477ca,a2e43ddc-5fca-e4ef-1d27-e6e20011e54f,HXP-8608,7,58.66374170210051,612.4045727313234
074724ca-bdfd-d99f-1bed-781678d2efa6,674bd7ad-a5b5-4e99-f2fa-6f3880095f14,AIT-2033,10,83.55752258604788,1521.8677118050382
d6a584b3-20d9-4ff2-de22-d4a5503b2615,3c916aec-9d04-5c42-bcdc-fe6a51236b2e,JQJ-2321,2,87.88311249555518,2488.8652511287028
15076332-0299-2adb-47a9-cd758b38b0c4,52f91a5c-3349-b5e3-f0f5-edf8388c5a25,RVN-5400,1,190.3918708613824,2217.964979354561
7bb409bd-0194-79b6-b6be-189e18a084e5,6f08cccd-d0b6-7a0f-58fe-0ab748ff95ed,TQV-6765,7,52.910639960883564,2309.1167860330447
834e4c03-8925-81f1-5667-f379835ffdff,ec7abb1f-5371-588f-bc98-630ec91993d0,PUI-2633,2,42.89305475762468,1146.3000873772999
b7a041e4-feae-9ced-8c31-e0e1840e8c4c,7c163f41-530f-0c2f-f031-164552f66312,QTP-1952,5,123.24748001224178,1.0
9c8c7c19-8655-0565-19a7-05cdf48fc93e,5f1ebf26-6b2a-6c93-69b4-9439fdaebcfd,HYX-7883,1,217.15314309471685,168.9849294401695
ef91edca-a88a-a385-8a7d-1aa64e7487e4,c7657cd5-f0be-1959-b372-21ffb50b86ad,KVQ-2686,1,99.93445368112717,1429.4619848587188
4272bf16-2d90-fc6f-8509-747ef86eb688,c5094649-dd6a-a868-aca4-fbf55c0fa9c0,YQK-4520,3,121.36792444174719,1274.1381034225972
cbe1ded1-8fd0-422c-d986-c02d8b3c65d6,7c163f41-530f-0c2f-f031-164552f66312,DPN-4474,4,217.8985772842527,548.7535182670457
aeadb10f-6903-dded-d252-1fba0a636718,33b414c4-3795-21bf-fdd1-6e56ed5a7ddf,BMW-0218,9,182.82602586749258,1.0
a654fcb5-0e3d-090c-b94c-e5b85225e6fe,34620a76-2c29-389e-65e1-1586d26daa88,AZL-1570,3,5.292146854689386,162.70862939743776
8428ddc9-ec80-86b8-595a-959af4b8e77e,7a0d8bc7-aa7a-8deb-27ff-19f1965238fd,OOR-8316,4,105.94169260204275,332.49689110212734
4109150f-fd54-713e-a806-608b3d8aaf99,e95459e8-e035-036d-bc28-3f1ff25bc92d,NQW-1673,3,69.88412722920053,1464.8237158693028
2da46f5b-d876-7e8f-5774-327c66a99b0b,c2ba3e43-d423-73d1-74c5-830096731ea1,GSO-4322,10,159.74931858085583,1775.1937923609746
230c6fb2-d0b5-b59d-4a33-cbf95b1a7ea9,51f9e55f-a373-4827-c627-b13f8fc03436,XWR-9443,7,232.5722753095939,2500.0
4f6b00b1-b3ce-7f3a-8c47-ceb3aab58418,2a58b868-aa1f-9730-8fdd-0a5fb99e65b9,QNV-9781,10,35.80054140368321,1.0
4556e726-6b58-43e3-b703-340fc77736d1,dc834a15-d180-1844-b57c-a9217ecd9eb2,JTS-8366,10,168.24522825171232,2179.3304308511647
725d740e-7308-8871-3be8-1ec28d984fa8,d1f6f480-ae9a-ca03-d49f-33fb4f9c9c6a,CIS-0228,6,1.0,1534.841024033325
180bd417-8496-f638-bd6e-75148921ddff,d365c1a3-b4f0-2d9b-82f6-a36ad990db93,TAN-8271,9,246.61830992072962,329.4881489572567
77cd5b35-fcbd-e162-37c1-7de978e2e8a1,c342a9c1-18c4-eb82-a54d-644d0f5ab598,RLN-9680,8,1.0,1388.1808834444466
a7995166-431d-8be8-e445-7266a707d28d,f7332b9a-926b-6535-2d3b-8a0d6a8313b6,AYD-4810,9,126.66246882201014,189.17103787310086
f75caedc-7398-3ce6-5a4c-4842b7cd2935,00cf0526-c2ba-7209-7878-138864d7abe0,ZYF-2217,10,74.61348935649006,82.67165710616018
136af4b4-1e5c-cd5a-291d-f57cdf75de8a,b855e14b-663f-b83a-29c5-4ada540a71ef,MFK-9350,10,37.652021175572536,1401.213973887137
341404a1-bd38-363e-74d7-31b8e19c5daf,f380bf77-0bf7-3606-f841-6a0b1a960a3b,VRR-1221,1,213.5488254709504,1104.9516344544506
67b3108c-1a0d-c83b-ae35-47316cb9d3ec,23120814-a601-ad33-3867-bfecc33765e2,JDC-3438,9,201.2631645758875,307.93928495212737
d49cfc46-7966-9c97-f319-0171c4ec9e17,c317bc77-3ad2-9d64-627e-f808fe206bf5,KQL-3752,2,159.03382659420728,220.07809093868008
e4352822-ede7-de9f-0d57-39ecc9d9407c,e4075378-303a-8404-b981-250ef79a127d,KHQ-3460,2,159.99198994803638,1934.3192376931488
62bd4a33-805e-95a1-821b-e66b64451b91,ec704c17-cc5d-1b2b-f6c9-080b03829dfd,CXO-7067,10,250.0,808.5888296353338
1b0e9bd9-21d8-9724-30fb-cfbb2151f0fa,c6cefd50-513a-28f6-3a01-9e4fa09e6c34,AHF-6342,9,96.34132533475491,1509.8516107014582
37effb5e-a746-7395-5923-09737386b918,5131e498-e4cc-50f7-5659-90a84b627bff,HAG-0919,1,158.47621227234026,545.3467258903745
4ac26179-7eb2-ec8f-bcda-d20037802e4f,452180b4-eda0-0c39-29b4-79809b8a1103,TMH-8232,7,63.95579550595861,1.0
0048432b-d66d-0445-156f-49a027ad9237,306cbb5a-1303-a6a7-330d-7ebb8bc27302,UMR-2034,8,212.18567619615465,250.75145592320504
86393dcc-ddad-0e24-822a-04cc9c997101,b855e14b-663f-b83a-29c5-4ada540a71ef,YDV-1105,4,158.85035395155177,2015.7112004838648
3adc146f-2f6f-e55e-49e9-fa5714d148c9,3384be72-a98e-3665-be19-a0f6426faca0,JGT-2567,1,233.36782718560184,778.7940916100956
7414dbcb-cea8-3aed-47b1-1555ef99a13f,90f4d2a5-d786-8b60-9fc5-0187eaa1cc5e,SZZ-5496,5,89.33439765917493,1153.2327847687059
8f83089b-e96f-32dc-bd23-fea789368e29,561e4d10-2ed4-45a0-ffda-c5aa46c697d6,DIW-2608,8,182.86013745929654,1970.9540964081334
2d29ff6f-6733-4980-001e-46019d5b901f,6a790bee-0db3-4734-aa89-1eea1222b959,QMZ-2602,10,250.0,125.33635379873597
d99898d4-071f-46e1-2b61-026a34d1e13b,ef46fdae-ab62-f3ae-8ed2-c7308b77f3a7,HWX-3606,2,107.72216358529764,1731.342956027394
e6398ef0-f1f9-793e-b6c8-c3fe2532fd15,b722b5ba-6b24-7488-79e1-84ec68961afc,NNL-1514,6,159.35175681015446,645.1938448551222
0d1d641a-1b73-2b70-c902-4d66e7986e9f,36ada3e3-d00a-d322-5ff1-8865a610416f,JMJ-0744,10,250.0,1624.3026392861657
208d4900-1cdf-9eba-8211-1bed731b4a22,765f6c4b-a604-a41a-9355-19751710e89f,TDW-3658,1,250.0,1519.162111170736
75738ac9-1624-7ea0-5ef9-0602057464fe,dd02685e-7ea7-1590-29bc-0351c05d0fb4,WDP-7303,2,233.9329566842324,31.262105427971683
592587e0-7f7f-d3e5-ccf9-773f0616bab9,defba758-4ef9-c869-02ae-a385d92eaad8,XXN-9140,10,123.08411154420867,1.0
bd22ab4d-4358-399f-767f-e47bc02faada,da18fdc2-301b-4bc0-ad75-1c17941f6e35,RIX-1424,3,172.85273875082763,818.7759454857244
2b8384ba-b8bf-8f92-489a-153a351ff876,29e0ad45-f525-42b4-9bcf-82707399595d,ENZ-2593,1,250.0,1501.740633016404
5da923d4-1396-8d09-53bc-843813cd52d0,644cc427-dcce-ceb8-0212-5edd55030df6,GZB-0126,10,99.18579960974273,329.12087949430685
5b08692b-8528-8fb3-148c-f5ad599a0a9f,346abae8-391f-8d4b-04cf-b8f4791dcdbd,YIS-4862,2,139.92564104065983,355.2624449228348
250e928c-0807-edfa-9937-f3580a794acc,752e1b43-21b2-04de-85bf-5043d233d377,PBF-7076,10,136.78131210373974,1108.3486730273673
2f785241-6553-0a75-2dbe-3e3ba0f59666,640bce81-88d2-c649-a922-0a9dc6db446e,VGO-6773,9,26.22894699704497,2500.0
5a626d0a-7230-c459-1521-71515e849991,70136778-64a5-37b3-2c98-3885f6dd9d75,CEJ-1138,4,121.93362432047903,35.092130952284954
80444948-ea23-f74c-ed8e-1fed541217c8,ab88ad42-be89-eec5-618c-6fa76991a130,EJI-5228,9,145.33348384199758,789.6335105169007
c0745966-d345-346d-f128-2441587f2cfc,0ed314b3-bf85-3c89-229f-cb13e26f2064,XYP-5327,3,8.54705576168621,1448.1896541435733
e9ea84da-898b-228b-45d2-0eb5e2d84506,73c80f2e-fc0f-1885-9e9e-5d25e65f0943,RQH-4488,4,193.86285419695886,1255.0725841607125
2710f72c-3119-9f33-2543-6a14cf0bcf0e,2a37c7e1-b062-325e-5753-3c7667729b31,QLR-9254,9,160.40606300608965,2500.0
22516ff5-7c26-fc85-6ba8-a62708899877,43cd9f79-aa79-4522-d593-91d8e5d2226e,FCM-7933,3,30.984055447392144,2091.6830830303147
536dcc4d-6041-7688-d4d6-7a545c212209,1a61c881-1866-dc1b-aace-7f7ff84198be,SVY-0780,1,250.0,1687.7019042424756
64c109fe-e8b4-4e59-5e64-1a7416efb6b9,34620a76-2c29-389e-65e1-1586d26daa88,XDX-6001,7,111.03206399998278,559.0807453527008
fbf04543-ffad-1a36-c623-ad38fac88e0e,a1ff16ac-4452-8d8a-3057-0a03c092d728,VLG-8552,4,88.35980415440126,1.0
13860508-5bc0-8fbf-41d4-668e0e768b0d,68b75892-a365-c0b8-b41b-18a2b0a08ba5,DEH-4637,7,117.07528350369456,1389.8824990697074
1cada545-b338-b3d6-8484-8a2213396e9e,98a00458-5914-190b-286c-59ef6e0011c5,PIX-4688,10,35.20394681908132,564.6833310436436
d155400c-6d4a-2121-fd09-d677c2d563ba,34620a76-2c29-389e-65e1-1586d26daa88,SPE-4274,3,181.66577547101755,1954.8069701614247
17dc7dc2-13c0-2fb3-3417-fca1552ece76,b722b5ba-6b24-7488-79e1-84ec68961afc,IWZ-4719,1,22.373970296511857,194.68264377310055
cc9fa78d-7b8c-f5e3-e475-1fb5425a7806,4db230c3-feb6-c7b5-d818-874fec7c2c7f,TEL-9034,2,166.3490724526542,1.0
b5bbe959-aa3f-c36d-88b0-f700ab9c9598,6468fceb-123b-62ff-bb0b-37f07c03e7c6,VQR-0644,5,143.88126141834377,946.0699791700793
05beec0d-0307-1e7c-516a-5c948d3add46,d268034b-7823-2fed-c6c8-e2163d3bfa83,WMB-0142,7,117.7147334694561,2262.4155870258874
e0d2cca3-2c52-2de8-e105-a85b62521adf,9245a460-a9e8-1824-334d-ddbd0a414a94,YQE-3119,7,38.70131993870659,1757.9190285963034
0aff100a-e668-2440-6fb2-f34e3bfa47e2,75c8cc36-7497-e21f-b162-4d0aa49ad1da,HSK-9446,10,41.925310085337486,1735.6542823379352
2aab40b7-82ac-713b-4456-d8184499d00e,40bfa70c-6ec2-6648-b911-a72c05b603c0,BSC-8425,6,11.713319158794196,1694.8969203140998
da3b1f1f-2e5b-7937-bb38-750dbe608c4b,f8bf8967-6c44-572f-7495-62fc5cce8305,XUX-4996,4,162.38848345019719,574.0081343393492
8e9a90fb-726f-aeda-6078-20648e72c321,d5a22151-50de-cf8a-c0b2-e9dcc50cc072,VIW-4017,1,153.0058896680076,1739.04362729542
9b8b548f-321e-c215-d127-4364d77ae2a6,013cee09-daba-8b1f-ca42-aeb0ce9ac101,AXI-2642,10,32.50470891125561,1820.5820894418166
0dc9c39e-8210-7b59-9abb-f06079ed24c4,96c58775-c5ea-b292-a0a3-0ddf29def159,RRY-0590,8,70.76603958353975,582.2320950586238
e2abab00-4491-27cc-ce50-39a70cb499a6,cd8940d1-4fcc-e38c-f7b4-cc1f87b268e8,ZCL-2382,2,96.73367465719542,2020.6503037875452
c998a868-e92f-b325-7eef-73b1ce5f06dc,a5b4334d-e125-33d6-6b28-f6bad60c4de3,UAN-5287,3,108.97836777134285,873.9741731253941
66d27dbf-e2d6-443b-e5d3-7ac24afeaae0,a21539bf-3a89-5e78-addb-b9c4eff74698,MDG-8827,3,250.0,1.0
fe780265-24f9-81d8-d669-c76a5f9b715c,ec10174d-4ff9-d2c2-2f29-88fe6b24fb3c,PQW-3688,10,154.87183731602818,869.7576006775464
c2623903-f3c9-1ab3-be0d-445f7cf51c1b,f65a8452-88c5-d5c8-585f-d73cae294648,HMG-6547,1,164.31575805098134,563.7069193637609
4f89d9a5-8749-45dc-e8c0-a1a92134ff49,42353ba6-fbde-4fbf-229a-508fc662efda,GRF-6342,6,174.1101175243077,700.5891294909096
5127b115-6ff2-7c05-d723-54844ff44be1,36ada3e3-d00a-d322-5ff1-8865a610416f,AWC-9857,1,1.0,2313.2499195224077
673e088b-f137-e87c-d402-2795f47cc659,d1f6f480-ae9a-ca03-d49f-33fb4f9c9c6a,AGI-7842,1,74.70453978191277,698.3762355444624
526060b7-3166-21ad-3be7-3f112db21238,2fc2883d-824b-efc2-66c5-5856a98b0a94,LMJ-1576,2,118.04674148322346,1.0
84cd4be1-c552-abee-79e6-382685cd5f5b,1fb1713b-6bd1-3306-aa43-b61a42ffc5d9,GMV-0370,10,33.17335336241533,1.0
965a9bcc-ef3a-ab0b-6cbd-7cc75fd7cf4b,499fcdc5-b49f-e15b-6b6e-6df0ce0d994e,TXI-0947,3,243.20497649786586,1379.108413385939
3b221ede-4980-b424-cc50-172ff3a4c33d,f7be5ea1-f881-d6ed-6797-8bcd4afde83f,GNB-2817,5,212.78973167954663,1962.8061270749738
c9b44ba1-cc79-0dac-3cdf-76a3c04876e0,6ba276cf-99a1-5800-aa48-68ba709b4e36,HQM-4271,3,152.5380633557006,1.0
8de5716e-5628-233a-88a7-20c2454ee5cd,60e719c3-24d6-f21b-6254-9c906595dada,OLI-2215,10,32.465822365621705,1554.5669414680988
282a6715-e6cf-ec27-8fdc-dd8d3726b62e,8e40a751-497c-2f45-2118-0d15d40a1a33,ZJK-9276,10,195.46260616119977,462.73469715806823
2456e8c8-79f6-2815-5acf-328a38793ab8,1c420de3-83be-1fa4-b55f-22da4dc6cc89,SPC-8203,7,142.85351519786144,1802.003657574171
efadf912-3c31-d4d8-aa22-dfb822ed0d0f,5557c3b6-7946-3977-d32b-7f36da3a429a,HBS-9203,2,86.23074261125676,2500.0
c5e01efb-912c-1bd9-d06d-daa004720c70,43cd9f79-aa79-4522-d593-91d8e5d2226e,JOV-0989,1,78.00421833836158,1381.3473290101865
e61a66d8-29db-ee80-2388-dddfec23ffd0,1fe566bd-de4f-f133-1d1c-dc077bc20569,DIN-2413,7,48.67076645547247,2244.0919500967407
0adfcfa9-dc0f-005f-9b8b-0ffe6819b20b,a153f22e-3e44-10c5-7e5e-50b544a81de8,PAC-9861,9,250.0,528.023771184664
1b9504bd-5dc5-dc88-7f24-0574ad3bd40b,013cee09-daba-8b1f-ca42-aeb0ce9ac101,MAL-4977,1,64.9861195306404,574.3640937433426
3371c6b5-125e-efc6-b018-962335480bb1,1c420de3-83be-1fa4-b55f-22da4dc6cc89,UFJ-9972,1,32.36407184323667,124.68145714627394
e7549aae-4ddf-001f-063d-20aed5b7f3de,0f650e89-a132-fcc9-7912-36b03e2bb4f1,VIV-4428,1,117.86160484120882,927.7392268027604
1a8e02c2-dbfb-5ee6-f28b-543d7999d856,83c3afb0-ecd6-5a12-05ef-f148517d2d21,HNK-8639,4,22.16698410919208,1859.0624561597886
3adac67f-e7a0-7545-fafe-b8b61542c085,c496944d-52c6-6681-aa3a-534000d0c6d1,SZW-9099,8,140.6290684635558,327.4337873684538
feb7738d-413b-17ec-2f83-9a4eb6eb12bf,644cc427-dcce-ceb8-0212-5edd55030df6,BOZ-0665,8,118.08599380059631,1595.3929296205563
0d96dc6d-adff-0868-de02-a9b402e3c9da,dc834a15-d180-1844-b57c-a9217ecd9eb2,LPH-0521,6,3.5150155410795976,1952.3250529696154
2ee806b4-4783-d536-fc80-c5857f1515f4,9a5f4a2f-e397-33b4-0906-c36f22afe6aa,TGQ-5680,6,1.0,1341.896824307353
840fcf1d-5294-96c6-96d0-83cc074adf0c,452180b4-eda0-0c39-29b4-79809b8a1103,DTW-5261,2,43.46284358509511,1853.2555068715258
39881496-156c-89a4-fd94-f01094577573,b3f8fcf4-4ab3-3efa-0440-1ae50426cd7c,QJJ-7475,10,140.6321141832289,1594.0982971386552
7b9a6f03-37c3-5692-3fe5-6654c9bcb778,d5a22151-50de-cf8a-c0b2-e9dcc50cc072,IEP-2508,6,250.0,471.7111356325069
03de5fa3-4187-5655-2360-ad65fcfa575c,51a4499f-d671-202a-9780-e7e69d6230b1,MJK-8960,4,92.08762610668853,657.7128218117111
ca95d6dc-2a99-ef8e-ddc7-ba05d8a9498b,f65a8452-88c5-d5c8-585f-d73cae294648,YWC-7879,2,34.56742816071759,1998.8594505435583
fc9017a6-8ac0-8d1e-9355-a269bb20fdac,a1ff16ac-4452-8d8a-3057-0a03c092d728,VND-6612,7,1.0,354.18568909966274
602bfee0-db9e-7bb8-012d-3082cba9b187,f3bfc586-3b14-c908-0f99-6e757499315a,OSX-4587,10,201.7857642446707,458.6566682370607
f795e8c0-cacc-600d-2648-954c3c875844,d03460d5-bb85-6835-8909-b3b167c8b193,LVS-4459,1,133.36108427311763,1352.111466319113
1c35726c-4996-d539-ee45-fc423603cbd5,6c4740b4-18bc-a42a-c12c-44faba23fba6,ZAX-7919,8,1.0,182.55842578566046
bd2f14c5-7bad-dfe6-5f95-f64d70d1f8d9,f3ec56d1-5335-7ab8-6e8f-75e03eaf9f61,KYY-4653,4,155.1475903481695,2500.0
6a29ddd7-5bd3-ec67-df9e-46c729c18f71,cfe6e549-74a4-d193-e906-dc7cb2462f38,DJT-8226,6,36.23990998025016,162.7464134625244
513b8bc6-6238-369b-ff3e-06028a8074f4,f8bf8967-6c44-572f-7495-62fc5cce8305,EHB-3399,10,146.72385915333814,1519.8586869522808
212259cd-3666-294d-0d4e-4ac2826f55ab,e9322c06-94b8-385b-bb90-87586e919a78,VJT-6297,10,226.57859699210422,684.6858377313154
0538f5ec-73f5-93e8-9e0e-5f4b92804e47,4b5c53dd-0ae4-5696-880b-a53942b7b5d3,TCM-3297,1,83.02206616760523,1106.9283910415227
42d17e94-f89a-d813-4581-0a12fe23ca8e,e3645064-1277-1fe2-e0b7-a57d3b799eff,ZNL-2179,5,179.1798857595922,209.1126592218488
dd5187b8-ffe2-aeca-7709-1308f92805e2,ed4b2e87-f99a-95a0-c059-2be7944224f9,MSA-6004,9,7.703797394343022,1.0
d76b1fe7-1811-5a66-35e5-be5af4ada09b,51a4499f-d671-202a-9780-e7e69d6230b1,RWI-1941,1,6.920891631277573,2302.0933661760787
84b9631f-0669-1739-1e9b-a8c9c5e58348,780140d4-4859-1620-344e-b770393ed56e,SGJ-2194,6,243.15245739371179,1124.5900129310073
856173d3-bdea-110a-d1db-9f9286c6e5a5,e0bbe668-3810-6ff5-5860-e5960b95e673,JWE-2794,5,33.066144395304086,1499.4569080248996
56b9d789-21af-30ce-cc49-b90fa99fc4f5,2b427bac-eb65-534b-5d19-87d6a00184e7,XAH-4621,3,210.51862804010955,1645.0191636079342
7e91d94f-041d-8bd0-4090-1e004a1d8fe5,2e96b5f1-6518-0296-1b21-1aa880d4bc67,VYI-6914,7,104.49659956515448,1.0
282492c9-4e36-6ce4-ab4a-f10d2cd6819e,e926f218-2297-3c3a-d60f-701a2f26600f,OPC-7053,7,250.0,2500.0
2f7afe4a-6edc-ff5a-701d-f615cdc04a2e,f6edcc00-6c01-b1f0-f382-779c98369c13,HVF-2570,10,166.6852683912779,218.09477440045845
3d87b45e-c648-e0ee-a901-4d895b202081,a0ba0f42-f074-3c8a-1dbc-dba58e8d106a,YXR-5253,3,89.59213272207478,2253.7699667529714
15628b62-cb3b-1ac8-a015-a7d00583b7c3,40bfa70c-6ec2-6648-b911-a72c05b603c0,HZA-3603,1,158.52801788545676,712.9360610107412
e2cee9c3-35cf-a5ec-eb6e-d35b02a7ac77,bb8b844d-0b4c-665b-c1f7-103253766ad4,QSB-1190,3,148.1888945137364,628.7673412814237
26138070-674a-6f27-fecd-c50522d24f57,feb922c4-8604-a328-41ee-ead3ca07d972,HRF-8400,4,226.73671741693516,1454.921531316116
e82945cb-d0ee-b433-27f8-1faf1fb30a8c,b36f0ae7-2b5f-1d28-da69-90d81fdb4684,ROO-4012,3,250.0,136.25175170604808
f38ccdd1-3371-1c23-b893-f58fb6653685,0ed314b3-bf85-3c89-229f-cb13e26f2064,XWA-2784,9,1.0,109.94400073325801
9de29f97-2a86-cb26-e6ab-02d615a43be9,6c4740b4-18bc-a42a-c12c-44faba23fba6,TAK-8865,5,100.83016915289522,2310.5521080436624
069da4c7-23d2-ec37-4574-a222e9732150,6f08cccd-d0b6-7a0f-58fe-0ab748ff95ed,MLS-4017,8,55.79639340587126,438.18786692237455
25e46d3a-dea1-9098-91a1-942047303fdb,5cf1aec6-b0c3-189e-b827-35960449c354,BOS-2745,7,63.874370175762756,2186.3084493746614
a8f89590-5073-9a6a-b289-efcf485d95a9,f7be5ea1-f881-d6ed-6797-8bcd4afde83f,TZI-5227,10,203.8591633910198,840.6129237561079
29e4719e-ad6e-8ef5-d9ef-024b3d3782bf,346abae8-391f-8d4b-04cf-b8f4791dcdbd,QKO-5950,4,72.53814299595186,1553.2548548845882
34b625af-00ca-92c3-5152-99ffbb656e34,81e83957-680a-0e7e-db9d-de499b66a3e0,HYQ-9519,4,68.27603352912213,856.7513609964634
23725fd9-eaee-2713-9b99-61cd6fd4dd16,f7332b9a-926b-6535-2d3b-8a0d6a8313b6,OSM-5888,8,179.21802390644308,2500.0
bdd168fd-a65e-f6be-b661-e06882ef2022,c3b2733d-a21d-5334-6bd5-67a82066aabf,XAP-7761,3,90.25324713827304,1135.9240280135186
64808de2-56d0-cba3-1b5a-0a99247abcc0,96c58775-c5ea-b292-a0a3-0ddf29def159,VXH-5409,7,48.44001868171865,781.9571847174076
e16d14bc-4a07-1f92-5be9-f19759b581db,8ff08a58-4d44-0223-c6ae-2967c2dba965,JRJ-1959,2,204.85973303819648,1042.7950069217736
847677ff-106c-c0a3-e8da-55d59b421ad3,c6cefd50-513a-28f6-3a01-9e4fa09e6c34,PXB-7379,8,205.15596843408593,524.6046296311067
c5c7dcd5-63fd-fa85-59b6-c93c2c1caab1,5ea4d2da-6c0e-0b83-3130-97619ed81487,WHE-3226,10,217.71496518694772,1.0
0722b81a-0c03-920b-90c2-4e9bff16109c,73c80f2e-fc0f-1885-9e9e-5d25e65f0943,UMD-8695,9,21.874958938551348,2330.9163638637497
e5ae0d12-7811-d832-3da2-c4c5da029dbf,d49ae88a-387c-325d-39b6-f69914a2fbd1,BZR-1267,1,108.30180986209997,569.8761623565454
3ba2883e-a3c0-10cd-aa4d-19aed7bf8022,c5094649-dd6a-a868-aca4-fbf55c0fa9c0,LHZ-0788,7,204.504213610673,1446.909979075463
4eccd677-299e-8427-e2bd-bd3711a87a9f,499fcdc5-b49f-e15b-6b6e-6df0ce0d994e,MNE-3624,10,183.42572024315183,2155.683497333494
aafc01f3-05fe-e982-95fa-179156e4a04f,08d9a4ad-476e-6a80-eacd-a84304be4b36,GXN-9914,10,73.80822774943645,2070.6851371382368
a6628454-2484-4a8f-ce7b-780e0eb96e91,fe99f153-bda2-45f1-95b1-a7e23942bcf2,QXB-8980,7,205.2072522998293,2190.200873516157
98bf8a7e-ef8c-3adc-c216-012037c3e914,34620a76-2c29-389e-65e1-1586d26daa88,NNB-5938,5,78.75829082807415,1418.8486401811103
9f53e1f7-155f-146a-8e57-4d3b4a6044eb,cca3bf57-0e69-ef17-51cf-2d1ed18220b8,HFA-4168,4,51.899187686501215,1304.7506393638344
eb160551-59b6-1585-739c-aa325af9de1d,d47b8704-8e01-f046-0930-49dd8064e554,QWV-6630,1,219.14307031720844,1494.6218490008996
f83bc2a7-a0a7-e362-6ae7-21cbe412cb22,674bd7ad-a5b5-4e99-f2fa-6f3880095f14,EZJ-5618,5,120.81374701948525,2500.0
6508bfbe-a3b4-ec19-3a05-67f3ec0e968d,b8f5fdcd-e14e-0876-81e3-f099472f6c9d,DIK-5732,10,43.62248757221199,2472.0674927222562
d87da000-3e77-36e8-4411-81b3cf92e41d,d1f6f480-ae9a-ca03-d49f-33fb4f9c9c6a,PHU-8044,4,1.0,68.6716657689226
4835791e-f74f-9fa3-b6ee-5513337bd52f,81fdb640-2b3a-4f38-eebd-1df5310ebff3,HDA-6289,9,44.309278782867025,581.4490203494017
100f4b16-8697-c643-bdea-471d44749a73,88de8d49-c825-9cf9-cf59-c16d518d7aca,EGM-7603,1,89.6299036152575,526.994700981023
d3a0d7ae-fe45-bf72-fe39-a69ccd5a78ec,0b971563-34ac-021d-f0a7-6cfc00b027eb,CIE-7549,1,117.01169951587775,202.95797757274957
f921fe00-1098-e616-6448-177a3f8c5ec5,f1a6bde9-174b-e0d4-9a72-657e397474c4,RAU-1469,10,147.9311928756413,1816.2463140463706
818d59d1-a817-a115-8a4a-0ce1710d0ac7,f3ec56d1-5335-7ab8-6e8f-75e03eaf9f61,VDQ-1600,1,250.0,2257.9658647979268
ab9cd7e4-dd18-3e87-e904-826d1b8c3e5e,dd02685e-7ea7-1590-29bc-0351c05d0fb4,MQD-1945,9,242.31994908537698,130.45042204300756
49f82eaf-ca26-0d74-eb48-ad8ecee564b0,570509b9-ff64-5b76-0861-b19c145b5b53,HLE-0520,9,161.52787778951708,1516.293867216704
eea6a4da-99d9-62a3-c640-b3d87b0b853f,780140d4-4859-1620-344e-b770393ed56e,IAM-5943,10,72.69560766107186,1527.8933725253833
ea461659-e1d8-34b4-4837-643f70a2e4e1,ab414577-6579-0a5c-176f-25f038825272,NAL-3127,9,1.0,1.0
42af26b6-eaa3-502b-6d69-9be7d453ae60,4c61bd41-75ef-2ff4-9f93-7df77c18ee8b,TWP-9939,6,49.93427603168292,676.4731009517623
a1eb42df-a4ad-f9f8-69f9-f425573c74d8,7f2c11b2-195e-4a35-5264-43a391ac5e24,XCC-5815,1,98.71261583696437,2370.240024795884
4fc30d51-c311-d32d-6b2a-576a9aec3856,0f650e89-a132-fcc9-7912-36b03e2bb4f1,DPK-8244,9,88.72504225437372,2500.0
60271a0f-edf2-8f95-d3d5-3401b92e078b,b676e13e-6e08-8be5-b22e-5e09568bcd9e,YEV-0742,7,30.45125462539636,2279.827711837831
2312c9bd-ea2c-9421-1761-982c05cf4abc,ef46fdae-ab62-f3ae-8ed2-c7308b77f3a7,KAH-0241,5,1.0,23.378103522184194
b81aec5e-cb3c-5ef9-6867-a9f2ed522325,b2bf3b9c-54c3-15df-3815-c8d87df47b99,ECW-3534,4,210.1737851693977,437.8789108055658
0bb9ec61-909f-44f7-fb28-e0165c9408ae,33da7e44-e826-d063-bc10-b686f4ce3044,JIZ-7377,1,137.71101272196,1.0
cc694059-c9ba-b9b6-05ef-5e69eeb6602d,97935700-2878-44a3-fbb1-b18f09b65ede,CHA-1631,3,60.265256039361105,1421.724294952915
9733a88d-9d3e-831c-518a-7e9e66dd7af0,e4075378-303a-8404-b981-250ef79a127d,IQS-4212,9,164.11526432003956,1197.7552284624728
1a269092-31c2-8e3d-da9d-99f468a2e2e2,bc289750-ee96-2726-2721-fc72125ad45b,OQE-3956,6,105.98342074234257,2038.7791662235768
475947c4-a7a7-aec7-e6e4-8e6b21522dcd,d2855091-fb6e-444b-ef01-299e0c4c9f04,TMW-9887,1,45.309114275101955,1.0
9231aad4-1dc3-f162-f683-cf6958837788,e5ef2c40-e6e0-d4a3-26d6-38258797199e,IBX-2603,10,250.0,569.0623127112653
1e0be17e-5656-2673-1650-f703274fc030,995718a0-e51c-da67-6f0d-2bc5bf04c44d,BPQ-0476,5,239.97599872295532,1282.0341420224527
5c1408f4-aec8-7585-bbed-f58b303e5cb6,f3ec56d1-5335-7ab8-6e8f-75e03eaf9f61,WMJ-1788,9,166.86552821394247,1253.6960520005787
ad83ecec-a931-ce85-70be-efa95edb8671,8dc6e487-fe8c-3232-8c63-5ec793c64c14,KGS-0574,9,125.67550250116338,1619.6671494976918
caed7bb3-489e-e0ef-87bf-706dc5cc40ab,59d7a7a1-027b-2c55-28e3-1eb648c17d3a,LNF-8646,6,125.32749574383902,1172.043275560529
e13aed7b-9c0d-d225-3f45-b727449d63bc,ef46fdae-ab62-f3ae-8ed2-c7308b77f3a7,WGV-8927,7,150.3043767578362,2500.0
6df73d02-c54e-cbc8-0b45-5d7891b39936,dc834a15-d180-1844-b57c-a9217ecd9eb2,UYH-0700,3,249.29133233171362,1990.946795559041
23a13bd1-9a84-fa52-8398-cceca81ded49,e5ef2c40-e6e0-d4a3-26d6-38258797199e,ZWU-9156,6,45.110930805847715,846.2853308342635
65dc1e71-b97d-1807-c246-4d9b1a151b63,482b9116-a100-d130-7cf8-2a2362180c62,GDJ-2806,1,18.15068772424376,2083.1708534668887
6cb6de49-d373-1969-0c9b-f4255af29d4e,57db8f2d-9866-e607-f3ae-0107cb8a2069,DRC-3133,1,176.58319567612315,597.7527190468951
c1acdb88-480d-49ab-0661-7db52d984195,a5b4334d-e125-33d6-6b28-f6bad60c4de3,NUB-0506,6,1.0,1.0
18ae5cda-dd9a-8e00-b3e3-77131ac47d59,b2bf3b9c-54c3-15df-3815-c8d87df47b99,NGN-8690,10,5.0777494899862905,414.08881923975025
2020f68f-58b6-da25-9d6e-e0a446c76382,e4075378-303a-8404-b981-250ef79a127d,NAE-8339,3,170.78306485556828,236.1154741837269
67192bfa-784d-17e3-0231-ee8047e7e9dd,6ba276cf-99a1-5800-aa48-68ba709b4e36,JHW-8637,7,242.89551204769913,1853.637659607848
1f4e41b9-48fc-8ea4-4df2-50f722e85d82,dbb4b8fe-8485-fce3-b23e-6bca58759307,OQR-7274,3,250.0,1430.1128100673473
d91e38db-9201-037e-411b-b5ce78c6390f,51f9e55f-a373-4827-c627-b13f8fc03436,EON-7299,9,80.5927846201227,1448.5621668843514
72a6263a-f116-82a5-b387-9f59b5e364e6,1c229280-cbe0-3865-572d-1a8806b4eb86,CNW-1283,6,101.68683983843765,1.0
cb58c1fe-2990-a082-3379-e37568338665,4bb96229-c38f-1de7-5a31-9bf85f7680a0,JLU-1122,5,250.0,2463.571405872328
aa319205-914d-0f64-209a-5919e44d1460,c342a9c1-18c4-eb82-a54d-644d0f5ab598,LYY-0418,1,115.93296899453429,2500.0
b8d36a08-6495-3430-f0ea-8d922f899ebb,79de07df-1693-b383-ab64-0f7c6f65e663,XGH-4105,7,1.0,2500.0
8883c07d-877e-52a3-fa51-a80aee26b99c,c5094649-dd6a-a868-aca4-fbf55c0fa9c0,EPL-3131,10,153.44373053211038,918.5078687347456
cf9b38e8-8e5f-8a86-4e96-3c2d55056409,1fb1713b-6bd1-3306-aa43-b61a42ffc5d9,EDR-8021,1,239.1940778168328,1495.0396759821397
173b3450-c06b-5052-f923-71a8db1fc2e6,8d1c5bbe-8416-8803-4c97-e48a10413b77,TAI-0964,2,143.75021612715682,2500.0
c1f276cc-fe78-5d0b-5852-a8c803eda47b,f9680ddd-baae-7ac6-2cfc-50319e2265af,LXN-5700,2,139.5667275555281,502.87421718366295
91c30934-d5ce-ee34-f31f-909290dea697,81e83957-680a-0e7e-db9d-de499b66a3e0,WUX-8786,7,1.0,1855.2298458742239
bba07395-deb3-8f66-8006-827828ec6ac9,e95459e8-e035-036d-bc28-3f1ff25bc92d,VSI-3405,9,198.74738945635698,1064.1023949159705
ac844e56-09ee-1136-9058-5789c6b717b3,d268034b-7823-2fed-c6c8-e2163d3bfa83,QOU-8305,2,250.0,232.0950652065769
252b9cef-8b88-9453-09f8-abf6a97ba0a9,e5ef2c40-e6e0-d4a3-26d6-38258797199e,KXY-6655,1,90.84981069876052,424.7180546996829
0889baf6-6dce-9977-aade-3451f49ba49c,f9680ddd-baae-7ac6-2cfc-50319e2265af,JAH-3447,9,129.05839535131102,2236.3466239757827
b394b8cf-aaed-240d-c834-071ba7a4192c,84068690-d1e0-5b14-aed1-4bc65eabec1a,ZGC-9466,9,54.644757316906656,1982.9561988422772
24a8802c-c221-98f1-a5ce-38de55f5f22c,c5094649-dd6a-a868-aca4-fbf55c0fa9c0,SDD-6034,7,98.54217778569637,2138.106358636692
5f0bc268-8e1e-3bf6-c260-9ecf2945ed04,9a9c5dff-d07a-b15a-3b9b-0377857ea93c,HEG-6509,6,129.48063161742414,608.8443153458941
bea03f5f-5a6f-e8c8-9923-4981fde1a38f,f18e3e69-2f6d-3604-c365-09e7e650b6be,VPZ-3989,7,84.0539952328305,231.98601834493147
0c7c83d8-76d8-7bb5-f4ab-0baa2c6cf253,6a790bee-0db3-4734-aa89-1eea1222b959,CJK-1824,8,90.79548843933928,58.69812015378067
52a00e43-6e5c-58a5-58f0-88e1dbee8aba,f7be5ea1-f881-d6ed-6797-8bcd4afde83f,WGM-2859,4,1.0,1.0
1c4d3667-1f97-37eb-50ed-221e6c9f0e0e,b855e14b-663f-b83a-29c5-4ada540a71ef,MST-6730,4,102.58482000161429,2026.9017880698468
1aafc036-a16c-c709-75ef-321f8e12553d,cd4b6f6b-eb9c-85f0-d113-c9fd3caa38af,WTF-9836,8,1.0,1.0
79026f70-5fc3-4c49-2791-2c13470a05fe,7935336e-2657-cf24-dbea-312b62a2292e,RBP-1596,4,244.61203304568335,61.28707920663736
353690b2-8495-9ecf-cf53-47274cc1c0d5,52f91a5c-3349-b5e3-f0f5-edf8388c5a25,ZSM-5004,6,171.4148294798691,1540.2791280783104
0f834498-9694-49d8-b454-bdcc21010531,b676e13e-6e08-8be5-b22e-5e09568bcd9e,WAS-1125,1,103.03835860132978,1.0
d4bdaebb-e52c-c076-566e-72bd4635c8f5,e9322c06-94b8-385b-bb90-87586e919a78,VKC-2496,10,141.24989318690453,1098.5250653455867
657fbf77-d329-ae7d-f70b-492c461f6f58,767d6d27-9724-af01-9801-7fdef662f5fa,VCX-6991,4,90.09441944976602,709.1053217930994
48f967f9-fa9b-6997-d0ae-38d9252f74f5,39d5f743-9ca5-6e27-56c4-8fef1411330d,MOM-2382,1,1.0,1.0
66a05678-b789-852a-a2c9-537dce4e34c2,33b414c4-3795-21bf-fdd1-6e56ed5a7ddf,IUI-8843,1,1.0,1954.59678257254
29a03fc5-2bf5-ea61-b2ee-5026fa00b327,7309854c-09fc-80c4-0dbb-6ee43717ae1c,FRI-8511,8,131.28617692759377,90.81401107107048
165b338e-f6fc-e3cd-8cba-ea8765a9b038,4bb96229-c38f-1de7-5a31-9bf85f7680a0,XFQ-1514,1,194.13983691512271,2173.4113165322606
ca950d0e-94f5-1fc6-4726-9fd28d653e89,5fba8cd2-d6ee-fc34-0928-00c7f3066f3a,VGF-4072,6,103.1124174358028,1900.339762969291
0b5239e7-25fe-4b8b-bb0d-7326d367aa79,995718a0-e51c-da67-6f0d-2bc5bf04c44d,OIV-9017,3,14.08742346987608,2498.2945135903296
692d7a6a-098a-7e86-5f2a-78446b3b2f01,0f650e89-a132-fcc9-7912-36b03e2bb4f1,NNU-2886,10,250.0,1940.117111980135
8a350d74-92bf-865e-f7e4-8ba7b4635add,72264ba2-ba2d-dacb-0a35-ab6ded96128c,WFE-4286,10,176.65345583163318,238.46669072185492
0faeb463-0c67-c55d-0130-d1b9fdb4e033,a0ba0f42-f074-3c8a-1dbc-dba58e8d106a,ZYA-3641,7,46.57917729156798,1882.9577707038584
8e9ddd17-c361-864a-af45-2cf1255e983a,5b39d919-b66c-2912-a864-71f12b6d5dd9,FCS-8473,4,14.160336129299031,1.0
6218a566-a521-48d4-d5c5-e185b6f02b82,c317bc77-3ad2-9d64-627e-f808fe206bf5,NAJ-8843,4,1.0,1671.6923262315306
09297ef0-ff8c-b92e-22b1-8009ead505f7,d5a22151-50de-cf8a-c0b2-e9dcc50cc072,IJJ-2152,5,156.4410550191787,2198.4544495314526
3704c18a-6d19-f952-f4b6-524866de98bf,948d83d9-b8fd-53d5-3854-c0ecb82b3d9c,AON-0691,1,77.50237803430562,774.0456383070518
011babe5-7d3a-786d-67cf-8bb691a4b32b,882c05b0-2a5e-9d09-32ce-61d3bb3012da,CTO-5773,8,225.01188693361124,701.0255074853146
40f4618e-012a-544f-3854-05575b8f71f8,95fda513-278b-6069-4124-272a3bdc163c,MIC-7697,4,32.02261675142023,128.41332916940434
cc0fdc3d-9806-7129-3ae3-d47a00fd8297,e15eed56-3f96-7686-718b-1a2e214437f0,HBE-2293,10,172.89381527555125,2500.0
9f03e8aa-d635-3a3f-aad6-6e8535bebf71,ec704c17-cc5d-1b2b-f6c9-080b03829dfd,MZF-7362,4,220.8452091852432,728.4118638194985
3aa1bf2a-2192-988b-23f5-6ad45ae13a33,51a4499f-d671-202a-9780-e7e69d6230b1,NCW-8337,4,1.0,2121.531084876864
0b22d846-1976-4432-0e1e-68463964b314,6c4740b4-18bc-a42a-c12c-44faba23fba6,MEK-0483,1,23.150683501048082,1375.1940999213111
73f229a1-119c-0cf1-aff0-84dcc26472e9,f626964e-9bc8-bec4-8417-7a940d8f9588,EIK-9065,9,236.78297629278566,1044.6417421841086
1a682e49-58bf-f06c-737b-5dfbbf6b732c,17bf2b70-0337-1dc7-4425-075ee8d55453,BSQ-4066,7,39.77581355085529,1774.9223342410342
3004c303-8bf8-954c-7e08-00c22a421c13,8f68b483-4524-28a2-e660-4538b55cd1bb,MBJ-0004,4,45.74680033767458,1895.1598971753028
3bb950b6-91fd-cbb1-3ecb-9715c38f91a0,570509b9-ff64-5b76-0861-b19c145b5b53,FVC-1612,4,169.35815492666387,1774.4129019845866
99027a13-c557-7f1d-e38c-aaf7711e5c52,2e96b5f1-6518-0296-1b21-1aa880d4bc67,FXC-2691,9,180.16599992131728,1161.0272605855894
7d7294f6-9743-6099-d67a-a1540abd391d,158ea2fe-2100-1358-116f-572f7cbf1062,DJE-3238,3,71.75695574804082,1254.6241361924826
ecb4ba16-1311-6a5f-c66c-f9027a35f473,9a9c5dff-d07a-b15a-3b9b-0377857ea93c,PWB-8872,1,118.22757406682436,1557.6150185427598
9347f197-e40e-f108-a1f9-e96dbd58a1dd,bb8b844d-0b4c-665b-c1f7-103253766ad4,VZP-1818,2,165.64661303889628,2011.1993135048583
28ade65b-c63a-ebf4-19eb-beb7ff6f2a89,08d9a4ad-476e-6a80-eacd-a84304be4b36,YRU-6890,6,53.59521706142148,1.0
3bfec9f7-349c-01eb-f055-9a194143a3f9,6f64975b-3d31-4142-e34f-0a86cfff850f,TLJ-2882,2,207.1602339948579,1757.2409796335976
0b38fd0b-9185-6475-669f-6a7daf4435fe,f1a6bde9-174b-e0d4-9a72-657e397474c4,OKK-0259,6,118.2447002961491,1579.5783666753157
74c92369-a8ba-ba03-0946-511fa9f5282a,8948fcd5-e6d2-d13b-45a2-ab302bf55b3f,ABB-4744,10,108.40005247156306,1488.1253390707259
f72ce191-e19a-54b6-8c18-2500a88eee23,d2855091-fb6e-444b-ef01-299e0c4c9f04,OSV-7569,10,221.15090703934962,1.0
14d151db-adb8-2ea7-6109-b9fbca51ec35,d47b8704-8e01-f046-0930-49dd8064e554,IFF-9157,9,230.45806124773026,292.4119675557884
cf2d92f0-2657-6afd-a9c0-cac21fd053b3,74accc86-1a7a-5425-c881-2ec2d11f59ff,URP-9662,1,104.83760644272081,1393.7703474867883
fb002ffe-e546-530d-5959-a96dcc4d6564,edd17b0a-2b77-6288-488d-abf60311842f,XGL-3139,7,1.0,1911.4796191859061
8a58a661-cab5-1927-3e4e-bd5c3b363e7f,9f1b31b8-b84f-d95f-e2c6-2c8a10237ce9,FVT-7423,1,84.8931849814842,1217.3018227849186
73993096-bfb4-f829-4bd9-571925b6f6fe,f626964e-9bc8-bec4-8417-7a940d8f9588,NVM-5024,6,45.159176844144,519.7998204473299
9f2f11a5-c97b-bd56-5649-c17c745306a6,c5094649-dd6a-a868-aca4-fbf55c0fa9c0,YHO-2672,3,180.85617298188998,1570.1738543421095
ba53133a-ea7c-4569-2d34-d387261e4a3f,7fe700eb-2af7-00ad-0e59-ee473513789f,NCN-3266,10,72.4550256136314,230.5487322231192
f418fdff-b0d1-f892-1914-a6dea4b6f514,08a957f3-3ffd-06a4-7ef5-1e0c3d2828f9,OEC-5866,2,8.01246348814648,1822.253512372081
9654b89e-8613-2e56-10e8-0501613622cd,33da7e44-e826-d063-bc10-b686f4ce3044,OJW-5064,1,231.31789940577076,2500.0
9ad67a42-b87d-20cf-8f21-88ebec0f60a5,a1ff16ac-4452-8d8a-3057-0a03c092d728,MLB-3461,5,250.0,865.3146118995363
537e5b21-d1bb-bf18-2973-b93ba1cf82b1,d49ae88a-387c-325d-39b6-f69914a2fbd1,XWP-4013,5,243.27912703263758,2230.7855022105864
2ea875f6-d7b9-22a7-74d7-66e28a9769ea,edd17b0a-2b77-6288-488d-abf60311842f,YER-7705,1,18.736928248437824,670.7987503636589
cc6f3ab0-2326-01a9-0296-40bc9c79852d,00cf0526-c2ba-7209-7878-138864d7abe0,XWH-6222,2,1.0,1146.2387196216391
4970aa3c-86b0-8934-9071-304f771ebb41,f8bf8967-6c44-572f-7495-62fc5cce8305,HDI-2205,9,250.0,2500.0
97279dde-66a0-fddc-34a2-1b96a9884fc9,5cf1aec6-b0c3-189e-b827-35960449c354,YLO-6168,1,242.19709980187278,773.6592700864499
1be16a0a-14b4-3b6e-585c-9c73cbbf1837,88de8d49-c825-9cf9-cf59-c16d518d7aca,SHW-0240,5,133.13143641244608,2500.0
91ae2359-8088-9f47-d9c5-108ff5025ca6,45d3c588-3d5d-ecb1-9275-4a3d421bc738,MWK-5733,1,71.56605417683774,1942.4984442278028
1d19fa22-2d4a-fe26-5196-1a4dbdba6079,4c61bd41-75ef-2ff4-9f93-7df77c18ee8b,SCC-8500,1,16.343093620910523,733.1217485163706
98c74727-53cf-a36f-fbd0-a2d8ce0cc94e,2d5702f2-31a7-5049-ddf4-78f7af0f7c22,KRR-9354,8,125.80282245002009,2110.8070877272485
9172840e-a10f-b224-474a-b8494cc453e6,4b5c53dd-0ae4-5696-880b-a53942b7b5d3,SVP-4457,2,51.79127417503524,1719.612947143917
dd1adddf-b6cf-c251-f7f1-d00b5be5836c,1c229280-cbe0-3865-572d-1a8806b4eb86,OKK-8240,5,84.40523098422159,1.0
5aabd833-f9be-52fe-94e5-1bfc5c99f0c4,6a15ea3a-6d66-4aa1-3d17-3bdb9bb4974e,KAV-1323,10,173.30827103164205,2500.0
a848c3af-baf9-f773-b6ff-452d4fe4f118,74accc86-1a7a-5425-c881-2ec2d11f59ff,HKM-4446,8,237.7681536151907,1455.0608331847095
41336b05-ce0e-f673-6a68-9fa18798aeb7,83c3afb0-ecd6-5a12-05ef-f148517d2d21,EDV-8885,9,239.77545758684423,2200.6393622467103
6ea095b9-fd43-579f-bb9b-98e4b70fdf89,c317bc77-3ad2-9d64-627e-f808fe206bf5,BLU-5291,10,51.40326248241827,2029.3115535056354
a329b970-1c9c-270b-ebfe-c3b8e9fc3dd2,4193452a-7311-d74a-61b2-5a40f5f49ba0,JBU-7950,10,1.0,2500.0
ae682746-97fe-865f-50a2-a7aecb74b405,da18fdc2-301b-4bc0-ad75-1c17941f6e35,EAT-2451,2,182.16992224483906,702.1228720406082
ef13bfe8-1427-c627-4880-978f3d84487c,40bfa70c-6ec2-6648-b911-a72c05b603c0,YJL-3145,8,170.71023836097038,1862.531384265441
27ac1c17-9732-1eb4-1f11-29927c9cec5a,0cf47db2-2d8b-7694-1b83-89e83f636616,QLD-8887,4,233.48025559307897,1.0
22f0f73b-5c65-f95e-8a31-68b19f93c460,591d6aec-40e3-a384-72d4-c7d6723a8374,YSR-2707,4,65.88457569398513,2025.792930723956
51d9b5bb-6957-f650-98cd-14ac70f24675,6ba276cf-99a1-5800-aa48-68ba709b4e36,VDO-3838,8,159.09178855205363,714.3710697709768
b0bfc603-a918-7b39-ac72-ba1f9f27c276,c1bf509a-b7f1-c227-8ad0-43d5b9957cc9,CKE-9378,7,31.875802073812963,249.58414665180774
f127d6c6-ed10-7d74-45f7-98a7e712d892,b676e13e-6e08-8be5-b22e-5e09568bcd9e,FHI-4455,10,190.80190781858923,1178.540069325952
b439dea3-a712-da1c-7132-1f75925c4183,2b427bac-eb65-534b-5d19-87d6a00184e7,DPD-0408,10,142.24743327353661,1071.0949218842177
8e838d25-e77b-2aef-2ef3-fed5ee303a3a,8db2c915-6878-251c-967c-758d28d597fe,LVO-6039,10,39.361190848905956,2500.0
16d857aa-a085-77c7-e41b-fb03cb5b2d2d,b6d2d957-edf6-1ee5-5c03-e29e6ad891c3,LHN-2594,10,141.10360479882326,2285.937183009131
c01ab2cd-28cf-a5a4-f41a-b3450342fca9,da18fdc2-301b-4bc0-ad75-1c17941f6e35,PSN-5253,2,141.93928336700617,2500.0
b35192ba-7af6-0361-a8ee-4bf43e77d96e,57db8f2d-9866-e607-f3ae-0107cb8a2069,KMU-8197,2,250.0,1350.2326776684667
4037e41b-7fd4-ffb3-4285-b98b984cdf01,fb224d53-f40e-c0e0-75ce-4857db5c315a,XYO-5384,3,73.0609959713034,1907.0606903729793
f1bb57fe-763c-c87a-af48-38d36ff9b466,72264ba2-ba2d-dacb-0a35-ab6ded96128c,WCY-6421,1,1.0,1506.9954531953406
5ff5d034-2465-0a35-f990-21f741c4ae91,defba758-4ef9-c869-02ae-a385d92eaad8,DQG-3577,2,212.7001650743101,691.2435048767006
3c78dba6-ca81-2392-ec17-3429bbe9f40f,ec00076f-57af-1b71-04b6-a6b5edb3e074,RKY-8247,9,250.0,2500.0
34c4bb09-bad7-2c27-e7e5-0c123226a3f2,153b812e-7562-2adf-cec0-cbc7b27341a9,XMM-2501,1,1.0,1938.2521226241693
1d01634c-51d9-c2e5-6d64-8be81154545e,04e97402-c30d-ac4e-6641-3270eed465aa,PTY-9084,10,138.52955095505504,1.0
77d4eaff-e22e-2a76-de7c-1f481dd73363,b722b5ba-6b24-7488-79e1-84ec68961afc,FIC-1330,2,209.1381078785747,1648.8924022711828
231fd8da-d610-e490-0cb2-307d09653cbf,ab88ad42-be89-eec5-618c-6fa76991a130,TXL-0946,1,1.1636841870156167,717.2209161807737
8e9ef767-4e9b-fb8c-9732-934aed50b453,1fe566bd-de4f-f133-1d1c-dc077bc20569,AHI-2635,9,1.0,1501.9321421112468
4c662dad-b9f4-9aba-9e3c-89af9bcfa5a1,6a15ea3a-6d66-4aa1-3d17-3bdb9bb4974e,GHL-5671,5,174.65805313177202,153.54264853690503
5f11808a-0dba-bb23-8a44-b1cfaabdbe8c,eca44bea-a303-5fa6-144d-db51457718c1,MNE-0650,9,57.77462711804824,1987.9908667636241
11a91473-026f-4993-96b3-960431964c04,b38fc9bb-f073-e80a-e4bd-f5aede832d6a,PUL-7382,7,1.0,2347.784243717061
061fd491-c36d-5f70-7f0f-dd8023b53bdf,1390136d-e556-e463-5e8f-44c6b502116e,YHK-5484,8,250.0,2454.0784743580243
b0aeb0ed-9f9f-268f-b5ae-35c4481a91f8,829b129b-d3b5-609f-f866-0a2ef7c62063,AWF-8750,2,210.84842567668187,1531.9903427435088
0bdec581-a32f-fca5-a499-a53451082cb6,67a044eb-3917-ff92-ac5f-dbd8f685b8f9,FAJ-0377,1,206.00228692318763,1563.7559255346164
2303e660-f8d8-c23c-b4a2-548f333da311,15757ad5-955a-9578-e82f-70636591a7ce,YDL-6860,4,64.28508094299988,1.0
51f9c9ae-cf3a-5555-3d2c-b3b3cf5defe7,f380bf77-0bf7-3606-f841-6a0b1a960a3b,MUF-4810,1,197.02623954323758,2500.0
fc971cd2-9095-fa9a-dc55-2f78ee33a610,d47b8704-8e01-f046-0930-49dd8064e554,OVU-2810,6,43.373166955811364,1056.0624110616568
28920910-573a-d7cf-92b2-f41f1dec3a14,829b129b-d3b5-609f-f866-0a2ef7c62063,PKT-3264,2,250.0,192.2861735597819
5960edf9-8d9d-c0db-859b-648f8d3a55e9,1ff7f793-3338-329e-d6fc-2266029cc152,UHK-0811,7,42.56323366920357,1710.4659009581917
a34218bc-3675-8075-867c-139ab5f20e99,73f8fc33-7190-70a4-e1b5-480a74713292,KOC-7443,9,186.19622554870122,2500.0
1e2b10f7-91eb-08ec-2166-4368c301ccf1,e3645064-1277-1fe2-e0b7-a57d3b799eff,JYJ-7239,6,109.6715442261103,1941.9962067754914
02b59b92-d1fe-b6ab-51cb-4d5a1e52c801,1ff7f793-3338-329e-d6fc-2266029cc152,LGW-4145,10,67.77667866402199,2338.786121636747
df0ef00a-45ef-e00f-a122-e9647fd0371c,59d7a7a1-027b-2c55-28e3-1eb648c17d3a,GZN-8356,6,158.74905575907587,1497.7907040956181
e94e4641-b57a-ffae-1d9c-a8dab12a4928,d268034b-7823-2fed-c6c8-e2163d3bfa83,YOM-7109,7,202.02621490548285,930.9570849376599
52e46569-847c-780f-df4f-1227d9a9deaa,8ab78838-f514-256d-4546-39b50fb0dedb,OUC-9629,1,196.91106782469404,1.0
8abd27b2-2bd0-a5a4-f18f-b21e089958e6,6d8ce72d-22a5-fc5d-d1ee-f86e25be345a,WLT-6533,8,80.8102445963513,2378.3771239905136
1c2a8a10-7bee-50aa-1689-254f8f9f2be8,42ca90fe-2c94-52b6-31d5-8ce84a73a9de,OMT-7784,9,2.0771479336156973,2014.765206188661
c0ca863f-59b6-d0b4-4d33-3e7137e38a09,e21caa9b-1f2e-c056-12bb-f392c45a1f46,IOT-4949,1,11.46820107625415,1858.7179686476752
c20297b2-7ee7-e107-7c62-8fd61721f921,7a0d8bc7-aa7a-8deb-27ff-19f1965238fd,WWH-6353,10,227.17203281604668,43.18361141781504
3e86bfc1-abd6-982c-0bd3-d052ca5aa9a4,68b75892-a365-c0b8-b41b-18a2b0a08ba5,JWP-0152,10,250.0,1833.6888707732655
d6887737-944c-d547-bedd-cbac4e13d847,e4d6d450-23ed-4858-7b86-5c1d1ca10b29,UDA-5384,1,183.96884183886297,588.3897164140135
5d7aa45d-a2d7-780d-2a4b-cedf5ab9fffe,15757ad5-955a-9578-e82f-70636591a7ce,WMF-4891,1,121.3640898954908,631.9949297484821
e3dad0a7-e636-9a85-2e3d-92583eefd503,2e96b5f1-6518-0296-1b21-1aa880d4bc67,UKT-8874,1,65.19837063288907,1238.7006400992177
2334d990-06a2-9544-58b0-badabcf4bb51,b7a4241e-0590-80f5-4701-4eb58f2a00f3,KRZ-6321,10,80.68224366669634,1726.4322000347881
e8bcca77-c836-b12a-eef3-e9d3cc3bebc9,c5094649-dd6a-a868-aca4-fbf55c0fa9c0,SJC-0337,5,231.197517074045,2144.79646103132
bf99ae6c-61dc-1813-f80c-6cd06577d417,0ed314b3-bf85-3c89-229f-cb13e26f2064,ZZD-9027,10,220.9775594883395,1.0
8e80eb56-6832-83a6-4d68-13f91310f218,8ab78838-f514-256d-4546-39b50fb0dedb,VTW-2275,4,48.42992621529293,2500.0
d1fb9832-7765-2191-642f-019273936447,452180b4-eda0-0c39-29b4-79809b8a1103,CVH-2822,10,163.67797646042825,2412.8724712235185
b83274ac-e421-3d7f-74ee-f8bbaf2b1b78,6ba276cf-99a1-5800-aa48-68ba709b4e36,NGZ-2819,9,10.539490441815078,2121.73313730249
619a04ea-e6b0-5da5-ffe6-a111ca5a4d6a,7309854c-09fc-80c4-0dbb-6ee43717ae1c,VCE-5906,10,215.69632676708244,1262.109145275943
0f319458-f018-1745-8114-e54cb9ee8379,8a94bd9a-b2b3-53d1-ec11-38fd4268e010,PGG-9319,3,42.941284020854596,437.3398456195265
bbb44144-a0b3-eeb9-f53f-a74258814466,c2ba3e43-d423-73d1-74c5-830096731ea1,REW-5911,4,70.42068199081768,1501.5969214204379
08b1bf5a-9e65-d4bd-5fcd-93d41e3c2f6d,0b971563-34ac-021d-f0a7-6cfc00b027eb,GAG-6985,3,231.70887789524267,1.0
d410ef5a-abbe-6b5f-7f6b-cbac0878d5bc,0274b372-e24b-5c74-8aaf-f4b2aa905b1a,NTT-8869,9,87.66841768145385,1982.3145500933285
d6a4171f-69d7-951d-0f15-f3a9c1718e29,a39a9ee4-9517-5249-6b24-2f0725db79fe,EWL-3787,10,132.3087025640723,685.0995952184577
9519622f-8d1c-153e-102b-a6b85eace11e,85732d73-1c5b-0915-22c1-f0bef2c3a9c6,APU-7749,4,61.98131610490024,1.0
2e2572f0-3bcb-0a57-5fc9-53196d86fbd6,cca3bf57-0e69-ef17-51cf-2d1ed18220b8,YQX-6501,5,235.26678109266769,256.738324141578
ed94d6d7-2c08-203c-27ce-2e0cfc7d7773,1c420de3-83be-1fa4-b55f-22da4dc6cc89,DMP-5293,5,250.0,2227.731407819206
3f72a843-de9b-71bf-6bdb-998652a930e6,7f2c11b2-195e-4a35-5264-43a391ac5e24,KFV-9041,1,3.963124237184783,576.7208810533918
65e9f78a-42df-bbfa-80e4-c57beb61bdc4,e4d6d450-23ed-4858-7b86-5c1d1ca10b29,XZM-8425,10,223.91500269248706,2499.4255326488487
22f2addb-2501-5aaa-a32f-6dcf883dcac0,17bf2b70-0337-1dc7-4425-075ee8d55453,EUY-6134,2,17.077589474732985,2500.0
c0d26274-9599-7296-403c-54f638370b99,30be70fb-0de5-f495-c670-f0389eb5104f,KHV-4261,8,250.0,1399.3105732856966
9f1921c1-2fb5-1210-eb4f-335c294e02e4,c1bf509a-b7f1-c227-8ad0-43d5b9957cc9,IDW-2804,1,1.0,877.330815780754
eeb1b543-a63a-4746-60b2-a0d0fdc50559,cca3bf57-0e69-ef17-51cf-2d1ed18220b8,LMS-9237,8,213.66634374833473,2467.0854368985756
3b391321-d850-7e4e-45ea-11ef133ffbaf,e9322c06-94b8-385b-bb90-87586e919a78,UQG-6328,1,107.54644573838307,1074.3056794043384
67034869-e115-1211-60a9-f017fc171407,b6d2d957-edf6-1ee5-5c03-e29e6ad891c3,RYF-4653,7,250.0,82.89161625583955
afaf9e36-b85c-b3bc-b55a-bfa86630516f,5cb99a3b-7826-b65b-fc4d-8b5320a11a7b,FSD-4800,1,6.571019525965996,1920.2452325072986
a02d509f-53a3-33ce-ff4d-652a85f7c9bd,a153f22e-3e44-10c5-7e5e-50b544a81de8,XNP-7295,10,117.93048877359746,1964.3701388441923
5323b246-33b9-41ec-d586-b248eda1bc2d,81e83957-680a-0e7e-db9d-de499b66a3e0,UEV-3212,10,49.73958380615689,1572.471769418475
c36659fe-9803-46f8-f7c4-988f1c8672d1,45d3c588-3d5d-ecb1-9275-4a3d421bc738,GYI-9630,6,59.91055769783034,2124.3168582414232
81c1a2b7-a91a-eec5-c4b7-4ec6df445916,81e83957-680a-0e7e-db9d-de499b66a3e0,RMW-0548,10,70.58947472627806,1680.2215247066722
3b0cf4c6-6d14-d7f5-c33a-b32d6206684a,57db8f2d-9866-e607-f3ae-0107cb8a2069,AVV-4873,10,49.030740065507736,2500.0
0ee7ce6b-870f-c432-cc42-502193ec1545,ec3cb447-ccf4-f4c9-7b4e-156879755235,OSZ-6087,2,197.9379788224884,2202.241667527329
342d7002-32c5-95cb-6bf7-36fde0b46aaa,1fb1713b-6bd1-3306-aa43-b61a42ffc5d9,CMU-9239,10,238.97903535437217,356.56631730187956
47c53fe1-2923-3cd3-bfd5-9770ef68ea38,67676bb6-7ceb-0f57-3a05-660d4fe09254,NYM-7434,3,105.3962012728713,362.25664053849846
e0fb05bf-6224-95dd-b919-9508c7df9c11,780140d4-4859-1620-344e-b770393ed56e,LXE-7399,2,250.0,1.0
2067a114-c98c-b2e1-7389-8088d6aca644,50f3663f-92c2-c628-5171-640307d35989,NYL-4951,5,233.53314356923252,1125.2066536221905
dc2a10fb-2109-8502-5595-555d95cbfec8,a0ba0f42-f074-3c8a-1dbc-dba58e8d106a,NDL-1594,10,109.8482934127069,1208.6575269291131
8fbfb488-3c71-1b3b-8600-978475f26696,33da7e44-e826-d063-bc10-b686f4ce3044,YWW-1618,1,115.87147169647415,365.61135536966134
0d7798b9-7107-6f6d-0381-0d611a35a88e,72264ba2-ba2d-dacb-0a35-ab6ded96128c,SOT-6992,7,246.2322078307929,820.4020888300837
5d1c5ec5-1aaa-2c02-938d-d517f4e0cad5,d5a22151-50de-cf8a-c0b2-e9dcc50cc072,VOR-7783,10,92.76145888679402,1.0
ebfaa482-ee67-e4f8-d0d1-47077fec65ec,5ce1d400-b8f3-5e01-71ed-25da64d48432,HJL-7605,10,56.92991012600347,41.31660822053328
392dfcbc-39e9-a1cb-512d-03e960d19287,f6edcc00-6c01-b1f0-f382-779c98369c13,BQU-1112,5,250.0,646.8834796963264
eba3f382-8c5f-17b0-8232-20ffb13bf359,da18fdc2-301b-4bc0-ad75-1c17941f6e35,YFD-3182,6,1.0,1112.0383155368029
2f1ec166-cfff-f4de-4538-44bb75fbe7ed,b38fc9bb-f073-e80a-e4bd-f5aede832d6a,YYT-6718,1,1.0,1.0
53bba316-538b-15a4-5f6d-fe16105e3d41,f8bf8967-6c44-572f-7495-62fc5cce8305,VOM-6260,1,209.71025666388843,138.51033580356423
40767b23-4422-5cf5-76a1-0ad249225582,dd02685e-7ea7-1590-29bc-0351c05d0fb4,QVO-1095,7,20.797316088343372,2458.468937869464
4719871f-5fc3-1c95-92cb-b8bc58a962ce,7fe700eb-2af7-00ad-0e59-ee473513789f,RRY-1412,6,107.26829698072135,2500.0
57de9e70-011c-f25c-4501-bed87ba1e3a7,81fdb640-2b3a-4f38-eebd-1df5310ebff3,OOK-7628,9,16.243023815669147,2145.240084709931
b554d270-90c8-ebbd-1160-059ae0b76b7b,66ae44d3-aa50-54ce-4541-047911c4312c,KKA-4745,6,120.6467840125593,1911.787542729981
30d82f62-1d55-6c58-1420-5cc9533f9fd0,f3ec56d1-5335-7ab8-6e8f-75e03eaf9f61,UBA-3639,10,68.83723757869551,1126.3875016036493
eb670768-ecbf-eff4-a1a5-38c443adfcb8,0274b372-e24b-5c74-8aaf-f4b2aa905b1a,PFK-4048,1,199.39858522030147,2019.5557264430838
e9f5491a-2bfd-bbaf-7437-caeef6c2b4e4,2d5702f2-31a7-5049-ddf4-78f7af0f7c22,QUC-1003,2,20.08945717921609,411.2976568249719
88182dc3-ce0c-a8a0-6fc3-6c491711adbd,570509b9-ff64-5b76-0861-b19c145b5b53,BVF-8841,8,125.0861693919392,1775.512921772988
5e30a43a-ab51-c87c-1d8a-9de7e706f794,a39a9ee4-9517-5249-6b24-2f0725db79fe,WOP-8145,3,219.22177028321892,1.0
0ab498cf-add0-1bdf-20f0-bc35e5a6efc8,35cb4022-ae84-e55f-99d0-67c178740217,NUY-2187,9,242.78464872876387,2472.134870390892
434de7ae-f0cc-bf42-9246-0a4ece5bb3de,88de8d49-c825-9cf9-cf59-c16d518d7aca,QFF-7038,1,195.7664897954262,2260.637337237568
4930f918-2933-f59f-bcd8-6f61869afc89,9a5f4a2f-e397-33b4-0906-c36f22afe6aa,SKD-6848,8,197.42798392361993,836.8045595207753
6e454f98-c49b-3d29-baaa-5aeff517cce8,0f650e89-a132-fcc9-7912-36b03e2bb4f1,KGK-9511,1,156.1104013262094,1083.089354457809
fe5c4769-0230-0a7d-abd9-930a418f9746,6a790bee-0db3-4734-aa89-1eea1222b959,JAT-5309,7,1.0,1.0
228c6dc4-ccd9-64dd-58b9-ba489b9274c3,6839d4eb-1231-bda4-1860-5e2dfee94a1c,LFL-1950,9,222.95127965805295,488.4405903758775
2a452a96-6ef3-cd83-2496-2651ae3037a4,ac7eb2c1-e0df-f932-1ebe-881a4a3bf8e4,CXZ-0004,1,69.6999207487708,822.1361159976982
463d05bf-9a6e-3103-b245-e325c8cff737,8ff08a58-4d44-0223-c6ae-2967c2dba965,FRV-4012,6,114.66036815456108,54.36217602056383
f7bdd842-67f1-4548-859a-96205d0dbf49,3e25bb86-e5e1-9435-07d9-735690015764,FBO-1855,6,118.14639518099612,1017.9004213949646
0671c9a7-ab4f-3ebd-84d8-701cb8e15320,4ae7c3aa-7502-aced-1285-530b700b9ef1,STP-0487,8,162.2640519106537,1.0
cb0186fd-f4d8-385b-bd23-61b07e599ca2,cfe6e549-74a4-d193-e906-dc7cb2462f38,TEB-2317,8,145.62092841418408,71.54295228172636
898e5830-6601-07da-097f-87707cb11af9,442b8db0-4092-acc6-8cde-0ffe980bf752,WTJ-3511,10,13.806969775161877,2033.265207266251
b757d5ee-e562-e07b-69eb-64fc8a023501,b06f905c-d60b-0af5-d9e5-55df4f677c89,XPR-3388,1,128.4668211922435,1061.0473881041319
2e612ea9-2705-b31f-237e-073b53827ed3,9a9c5dff-d07a-b15a-3b9b-0377857ea93c,KTN-8894,10,235.21880169185994,76.83884258006066
9e593959-ed3a-f484-2e43-b2ec141273bc,0274b372-e24b-5c74-8aaf-f4b2aa905b1a,HVS-3201,1,250.0,2500.0
7f9526ce-594a-c973-c9f6-22cb90cfdc60,882c05b0-2a5e-9d09-32ce-61d3bb3012da,EBW-5302,9,4.851083926783364,500.33947037076
4c88594c-37c0-cc1b-706e-0fb035134bdd,8fa59fe1-1de5-b3a5-a2d0-82842d1dc813,BKP-8117,10,112.45169262412223,867.8490236550199
e3136730-fc61-dfef-9361-faf555d5f6a4,e95459e8-e035-036d-bc28-3f1ff25bc92d,HBP-1475,5,129.68411878154518,6.898781530715179
18e876b8-d599-79c1-c2e1-b0ab076bf403,9a5f4a2f-e397-33b4-0906-c36f22afe6aa,TSE-0238,7,250.0,638.8998692290113
22ff9926-aa65-2cb6-9b31-10fb16ac5569,d47b8704-8e01-f046-0930-49dd8064e554,HDZ-6845,4,41.91905495904255,392.0254400737652
7c71b2f6-1bc1-5e4b-048d-1da2268fc159,84068690-d1e0-5b14-aed1-4bc65eabec1a,TCQ-6663,4,205.52733338863766,802.7385626108502
1ac6bca4-5608-e992-67ed-48cf6a096d9a,c0de15c0-fb10-925d-3501-76a5fd0f3447,DID-3933,1,30.317300375380945,94.93382582092077
64f4d3aa-9388-71a6-8127-18f5db8a63b5,c3b2733d-a21d-5334-6bd5-67a82066aabf,ATA-5895,3,100.28063732350239,598.4841573843769
d95dbbe0-4299-11a0-b85e-4033cd4ca426,3049e146-2f67-bd73-e863-fe16144424d6,TYZ-6215,6,250.0,1645.8431896042894
b157c992-7a39-45e5-3897-78d5aa93fb9b,e95f8360-c750-c403-a9dc-4e6bed2a4fb7,WQB-0794,1,240.86566788909897,1.0
e0cb0ddf-0ca2-3a41-e721-66ceb6d81869,5ea4d2da-6c0e-0b83-3130-97619ed81487,USG-1580,4,163.0868147576161,976.5375029762117
36d97843-eee8-c6e7-7e65-039b17a3fcb3,7c163f41-530f-0c2f-f031-164552f66312,AWP-2834,9,250.0,1.0
83bb8fcd-8329-c9f0-3d62-2c98d3f20f82,7c163f41-530f-0c2f-f031-164552f66312,PLZ-7762,1,185.81864862884603,790.0820632518678
a4d1910b-4ab3-e701-ce82-f3734f42d0f1,a1ff16ac-4452-8d8a-3057-0a03c092d728,NNK-3135,5,198.85484674561567,1898.7163025024545
cb03ac44-1d61-dddf-5bb5-86258323a4bd,b855e14b-663f-b83a-29c5-4ada540a71ef,CVQ-3526,2,19.2597560959577,2125.0773424900617
11faa071-b892-4e6f-56ef-b8cf2669ba47,e9322c06-94b8-385b-bb90-87586e919a78,KUE-8550,9,194.02581571014284,1982.5556459505187
2913d501-4336-f554-c8fa-95eea249bc50,45d3c588-3d5d-ecb1-9275-4a3d421bc738,VGJ-3751,6,6.978071347210935,634.4436234171088
b05b2262-0ada-0029-da8a-d1a9bd5d958c,edd17b0a-2b77-6288-488d-abf60311842f,ZUL-5426,7,5.52559212028009,715.7443682430265
5a17d25b-b8d8-1fe0-82c2-0d0a892a5f15,674bd7ad-a5b5-4e99-f2fa-6f3880095f14,UTM-8189,1,51.01217803437746,817.3758085431396
1c879b74-ac71-5506-d4c2-b1cfea03cd67,b7f5ae09-694e-8e2d-1a7b-50c99ccbb061,KCS-8818,3,80.16309354634708,1409.3858849313715
596954b8-42e8-6873-f035-d0e7e9511c49,6839d4eb-1231-bda4-1860-5e2dfee94a1c,FZC-9877,5,75.80348987696307,1694.3405649440567
197be90a-1a5b-1bdd-2281-5c06353269a3,ab414577-6579-0a5c-176f-25f038825272,PNS-9620,4,235.79725147250727,1.0
ea8a4fba-59eb-4817-1092-02609b8d3f7f,2d5702f2-31a7-5049-ddf4-78f7af0f7c22,AMG-9464,8,250.0,1261.6356166385149
308fd56b-b64f-6fe2-6369-28f5c85febd6,2b427bac-eb65-534b-5d19-87d6a00184e7,RAH-8018,6,244.60853030175048,1.0
69a135f6-680a-8e28-2ab3-be968ba295d1,85da1bfd-51c9-c9d3-786d-b7c66de6a895,AUA-2672,7,226.10389032592587,2500.0
b302fa04-c12e-fd13-5968-b73f629e3dff,3e25bb86-e5e1-9435-07d9-735690015764,KGI-1213,7,57.432158746887936,175.99367864124335
53be46e8-ef34-ae43-9f34-076a56bfc57c,29e0ad45-f525-42b4-9bcf-82707399595d,IBJ-2409,9,99.06526429189834,1.0
e093e2a6-c6b6-7b97-bc9c-5de70c385a60,eca44bea-a303-5fa6-144d-db51457718c1,VCT-0315,10,1.0,1782.538391957439
3e1209a0-9529-320a-b27e-731451a88826,e2b1a5af-9805-b820-c4e8-312f228c1951,KBI-7821,9,1.0,1540.826098181847
d1812cd7-6139-ae16-cb72-7e51b7ffe085,644cc427-dcce-ceb8-0212-5edd55030df6,XVN-8671,10,207.0043496880059,729.8433543760864
3887a3b6-3041-eddd-1703-d7ea65146177,8a94bd9a-b2b3-53d1-ec11-38fd4268e010,LLW-5879,1,11.041634058731894,2191.486332393377
893c1627-eff7-c69a-98f4-34e68070341a,4c61bd41-75ef-2ff4-9f93-7df77c18ee8b,XOH-8251,5,162.05973197045168,1513.7365655795006
e0351f7b-9155-a398-458c-1b692d3ce772,dcfe2b7d-f2e8-c14f-95c6-171ddaa4523d,BXR-1452,9,114.25193880528816,1552.825473920525
5b529b8a-1f76-2e10-389a-736cda5e7a48,b8f5fdcd-e14e-0876-81e3-f099472f6c9d,RPE-1332,7,181.20944756445343,2500.0
02f0b2f7-b77e-8475-f9c2-2d5d91c8cd29,5cb99a3b-7826-b65b-fc4d-8b5320a11a7b,LRF-6464,5,46.55555353800101,495.7884654770046
af22c5a5-6ef5-ba8c-0c84-d89bbb16b541,b87c2be2-3fbf-5d8e-7325-1927c8de21f2,LZZ-9525,8,1.0,1.0
b54969c8-9052-ce35-37af-fd91c00d3d92,40bfa70c-6ec2-6648-b911-a72c05b603c0,FGS-9319,10,1.0,2307.096710865113
147ae6a0-ef59-15ae-a6ea-76f13e46ca53,4db230c3-feb6-c7b5-d818-874fec7c2c7f,UTB-2410,1,63.660645354733774,708.5826296307755
44f3b2ae-a118-41f9-274f-28ed35725115,a5b4334d-e125-33d6-6b28-f6bad60c4de3,YNB-4367,10,87.95641174731547,112.57104364136319
352bc157-2959-c58b-cdbf-f45412e87433,f6edcc00-6c01-b1f0-f382-779c98369c13,KIO-0702,2,12.27075386930963,2500.0
e0ab343a-92fa-dd31-1a6f-84f280dff02f,e21caa9b-1f2e-c056-12bb-f392c45a1f46,DUP-0315,8,66.4035710743686,741.690104546983
671ccf7a-832c-62f2-c363-0b112f2db029,829b129b-d3b5-609f-f866-0a2ef7c62063,BCC-5646,5,142.16299966402602,1994.0432806652373
38e824a5-a92d-567d-53cb-bc17062939b7,ab414577-6579-0a5c-176f-25f038825272,ATC-6700,7,100.73561577397768,389.9052155033687
8d26a2ca-0c2e-077e-c5c3-cb4e0b32bafe,f3ec56d1-5335-7ab8-6e8f-75e03eaf9f61,GOE-7076,10,94.50942188288707,50.80874396136068
80dfeeae-f0e2-51e5-84c4-d0af9ee6923c,674bd7ad-a5b5-4e99-f2fa-6f3880095f14,SXG-8529,10,80.78955382667087,933.264546979457
73409343-fc8b-bab7-47e3-8730392c4079,5d7a05cc-5e8e-0843-72e2-a9131873639a,CEJ-9842,4,1.0,111.07500385761449
8afc15fa-0a64-e902-e3f9-9befdaddb15c,b6d2d957-edf6-1ee5-5c03-e29e6ad891c3,ALT-1133,1,162.32011254096344,1.0
ec5c445c-6857-c8c5-820d-38a1cb3fb086,d5a22151-50de-cf8a-c0b2-e9dcc50cc072,IYW-2582,7,1.0,496.2047099507809
5d143fc7-dd61-73b7-8902-7afd5f9e2d1e,f8bf8967-6c44-572f-7495-62fc5cce8305,ZZW-2670,10,94.18397822518166,1893.1242410974032
14312f00-b197-9d9a-2c3d-91e5e3ddf620,a39a9ee4-9517-5249-6b24-2f0725db79fe,VMX-2046,6,123.94543714806149,1151.6858534482203
d3a0e1d7-8b2e-2079-b3c2-b6b162c03d73,dcfe2b7d-f2e8-c14f-95c6-171ddaa4523d,GHX-5458,10,148.26040161201394,2500.0
6efa1ea9-1fb2-05f8-d75b-229fb9d5105c,d5a22151-50de-cf8a-c0b2-e9dcc50cc072,ACW-7128,1,25.91580788193598,1911.9766587612162
afb34d25-5b52-59c1-e0b1-169af7747462,d977ec19-d908-a058-d78e-1af5f244655e,XLP-5046,6,129.83253907815234,1431.7265406337683
6d7434ad-610c-3cca-0506-e153bc350781,0f073491-0f13-922b-c67e-d92df72037c2,JDW-5761,6,250.0,104.34517941523825
f390dae0-19c6-1494-6f43-13b52b0d6d6d,c317bc77-3ad2-9d64-627e-f808fe206bf5,IBW-0206,10,144.40536080202654,2500.0
5ece0e29-3b55-0347-2d46-8e17ae3bcb56,90f4d2a5-d786-8b60-9fc5-0187eaa1cc5e,OWU-6452,10,49.251640572989864,1.0
c42e22d5-f7f9-8549-16c9-34e343e5d365,4db230c3-feb6-c7b5-d818-874fec7c2c7f,FLW-3558,1,128.3320911264528,1.0
ddbcdbbe-6670-d15a-86e7-88eba5bcfcf9,70136778-64a5-37b3-2c98-3885f6dd9d75,GUP-8287,4,207.41151917857368,867.3550205402712
7cfd224e-5959-dc79-45ed-39b273f9375c,752e1b43-21b2-04de-85bf-5043d233d377,EXC-9201,5,15.763288674048018,2398.5529873643877
b16985db-9a18-f6e9-078a-4123e63f9885,72264ba2-ba2d-dacb-0a35-ab6ded96128c,KZC-8766,1,90.63979575382054,1071.3375678222455
49124a21-8aea-8a08-baeb-23097d1ab5bb,013cee09-daba-8b1f-ca42-aeb0ce9ac101,TEO-1233,8,250.0,1004.9654830312264
6ea78e05-e14f-7e78-7051-5f93e057a567,346abae8-391f-8d4b-04cf-b8f4791dcdbd,AKT-5675,5,149.9378666852731,2337.1910596569064
bce0cb55-0a46-044f-a852-7e2ff67ce8e7,67a044eb-3917-ff92-ac5f-dbd8f685b8f9,SIO-5710,10,154.56350261441557,1591.873921877886
1081ddf1-a1bf-f0ef-8146-6b0cdca52945,8cb29957-a149-0d35-f70f-8cc1bd8d4fe4,RFM-0212,10,50.997492917105035,759.234246247108
6d34309a-8f87-6e1a-c291-778087b01205,c342a9c1-18c4-eb82-a54d-644d0f5ab598,UIR-1956,10,1.0,2448.993007251075
8a04db2f-5166-34d6-93f0-d1c8fc4f69fd,2a37c7e1-b062-325e-5753-3c7667729b31,KXO-6094,1,129.1005106078625,1505.1606741796534
94d2e90f-8646-98a1-9ad3-284940a2f4a2,9245a460-a9e8-1824-334d-ddbd0a414a94,PKV-2036,10,242.79898756912127,2492.215387441473
6ce6f3d6-987b-cadf-88be-557725d0fc34,ec10174d-4ff9-d2c2-2f29-88fe6b24fb3c,OFU-5517,8,230.95812109605075,786.2214693504659
d4f2b968-2afa-73e7-af22-690160c61abb,1a61c881-1866-dc1b-aace-7f7ff84198be,MZP-7253,4,119.23942539856536,2500.0
a4617c36-e41b-c028-62b6-0686093e56e1,d67eee04-d709-e5ac-7f8f-32fad55df31f,EUU-1804,4,248.07258770303906,852.3510149521893
7765cda4-891a-6d0c-ef1d-bb31ed975f4f,2a58b868-aa1f-9730-8fdd-0a5fb99e65b9,IRN-4243,9,201.34548385360492,2246.768271862049
ffc411ff-6770-2b77-c3e8-8a28442676d4,feb922c4-8604-a328-41ee-ead3ca07d972,YMB-6921,1,1.0,1709.5138544291692
2b8eb53c-0ecc-7919-ad4c-d0b10e5c2a45,8e40a751-497c-2f45-2118-0d15d40a1a33,NDC-5854,7,147.26452927428733,1799.174025053741
0020bc08-ede8-5cad-9214-d265a1e51ac2,b9a904a4-1631-73d5-8926-141376a02d19,LAZ-7695,1,151.37121095450587,1914.4927560552046
14985edb-40f9-1e48-e03f-1423fed4c7eb,8fa59fe1-1de5-b3a5-a2d0-82842d1dc813,OOJ-6789,2,143.28197577354135,241.3124165792082
9249e589-56ff-88d0-abd5-6c7d3b48d43a,95fda513-278b-6069-4124-272a3bdc163c,GYJ-1414,6,233.16919547198088,751.8584656715146
6889486f-778f-7b42-e88e-6477ce626298,223f4ffb-93fc-b6be-7a55-30dc7418be1b,KTZ-3641,5,44.00957877020034,509.55863486263473
4d2eb1b4-20e0-59cd-045e-0b4e8d5c988c,8fedf2ad-fc5c-22eb-e754-00202339ae91,UVS-6291,3,250.0,1936.570714186011
b38519de-50c7-ae78-bbbf-7919aa9d27f7,33b414c4-3795-21bf-fdd1-6e56ed5a7ddf,JLN-5720,1,105.75213700028749,1328.3759095633827
1b65f54f-00b7-cffb-9803-da54b17945df,6c4740b4-18bc-a42a-c12c-44faba23fba6,OWU-0997,9,44.95864578845797,1690.0105197657965
9a5af89a-d2eb-865a-07e9-b387b9278a9d,da18fdc2-301b-4bc0-ad75-1c17941f6e35,VHP-0199,7,49.639482945139235,32.47030173281064
d6805285-9252-4420-b541-123dae8f94d1,1390136d-e556-e463-5e8f-44c6b502116e,UPN-3249,4,173.28336185874204,1887.2699396368325
80d85331-be62-c65e-a237-03c58422cd9e,d962238a-7de3-ced3-abd3-9b2c662be946,CFY-6859,4,166.11425023259133,1061.2550003947783
134576ce-f1ab-dfbf-3826-b725f9471af3,ac7eb2c1-e0df-f932-1ebe-881a4a3bf8e4,ZJN-8644,8,111.66113431464301,2500.0
eaec2d96-7d8d-6e06-265a-77fb124b21bb,b855e14b-663f-b83a-29c5-4ada540a71ef,CQP-2535,10,18.832656584962667,1404.6744307423205
b1798f2e-c1ce-a21c-a0f1-99f3d0c9d381,0cf47db2-2d8b-7694-1b83-89e83f636616,XVP-2742,9,103.97126904228021,1092.4040733326628
c4dbb083-96a0-4fa1-ade6-ef58bc540fdc,1390136d-e556-e463-5e8f-44c6b502116e,GUS-6662,8,250.0,2484.9526092627525
c3131a2f-3a95-1f2a-e84f-51b93e8f95d0,75c8cc36-7497-e21f-b162-4d0aa49ad1da,LIO-9105,1,129.7731333015278,1210.2734458448367
cbfb5a3e-3779-3552-2c16-7f19e8690ff9,e926f218-2297-3c3a-d60f-701a2f26600f,UIV-7256,2,90.82269173290356,1958.6973582234732
4297ccfd-89b8-17f5-e706-65ab198de28d,c2ba3e43-d423-73d1-74c5-830096731ea1,GUM-0882,3,85.30180261187108,2359.921286854594
d5fd0db3-90d8-0a8c-ea27-1b8f613226e8,2a58b868-aa1f-9730-8fdd-0a5fb99e65b9,RIV-7438,5,140.18394677661107,592.5412151190334
e66b750b-3d82-b36d-fe33-801d7c55290a,0be43aa8-8cc0-cd5c-168d-0cddd20ee652,PFW-6328,9,210.33046676345438,883.5112644550001
404092fd-bda5-3689-dd74-96da048d7722,6c4740b4-18bc-a42a-c12c-44faba23fba6,ZSK-8100,1,46.44127661667131,2500.0
18fe10d5-c2b5-9e47-98a9-1e87ab0949fb,8e40a751-497c-2f45-2118-0d15d40a1a33,RLV-4232,5,78.3786871910405,1296.277662621898
8f201470-489d-dba8-f9d5-de1b9f1c51d0,04e97402-c30d-ac4e-6641-3270eed465aa,DQG-2984,6,79.54301930940616,1162.0959346647005
b6450188-be78-7f5e-16b9-92c228190b46,d268034b-7823-2fed-c6c8-e2163d3bfa83,NHA-2398,3,101.1821607195789,1.0
578714f1-e2c2-c07a-a77b-396bdc8c5d36,6c4740b4-18bc-a42a-c12c-44faba23fba6,IBF-3340,7,50.00744675076739,2402.3447725924902
99e23c75-abeb-1e12-8953-2382b6e7f46f,57db8f2d-9866-e607-f3ae-0107cb8a2069,VJU-5574,5,161.97438205925977,1248.9388691750205
941fdc66-c378-ddf9-8f22-ca869b400ade,3c916aec-9d04-5c42-bcdc-fe6a51236b2e,MKT-4143,6,148.25036022441319,1491.5687732891859
99344957-444c-680e-f7c7-90f6e2233e87,8f68b483-4524-28a2-e660-4538b55cd1bb,BMN-0352,8,210.5912068024646,817.197570220301
1dea8e18-3a49-38cf-76e7-829bc89f5199,6f64975b-3d31-4142-e34f-0a86cfff850f,IUM-2130,9,1.0,214.34012193577064
e491e06d-0888-f796-cd9d-b74fda4456a1,b87c2be2-3fbf-5d8e-7325-1927c8de21f2,AUB-2829,9,78.67180478246182,870.2186304418171
008ce204-323e-068e-9fa2-d683be5a37a9,0b971563-34ac-021d-f0a7-6cfc00b027eb,XLH-8220,8,172.27448358014456,1291.1974251965876
d9d66ecf-a35e-c963-c964-c799f74fe8fc,561e4d10-2ed4-45a0-ffda-c5aa46c697d6,QVP-0486,7,209.77439258074182,310.2270201514994
0fe54ce5-75b9-471a-b53d-0ed79b112083,7cc37950-5bcd-4aab-d222-5093310dfcaf,IVT-2475,6,25.420743156664873,2467.0682549308035
610c35e9-fca3-9e92-58ca-009854062a28,158ea2fe-2100-1358-116f-572f7cbf1062,QAY-9926,2,250.0,985.9601867150714
1f0917f9-e412-2fcb-8bfd-747a690a1bb7,3049e146-2f67-bd73-e863-fe16144424d6,OZL-9468,9,170.6667528000511,1477.243118421054
d0632faa-fa16-94df-8a74-911e5d86125a,9a578852-4001-b5b1-0c84-e546b0fbf73e,UCA-3275,1,207.8218582779748,1.0
17c50951-4fe2-7a78-2d67-9d90b7b59b42,7cc37950-5bcd-4aab-d222-5093310dfcaf,DYM-4247,5,152.7773609939619,1932.6294744128388
2de5c152-7ca2-f830-e664-54a002627387,70136778-64a5-37b3-2c98-3885f6dd9d75,TGS-4056,10,24.202201832507093,1484.016236315093
724e88e1-7317-1075-ed0e-fe915ae47423,60e719c3-24d6-f21b-6254-9c906595dada,ZLT-2758,3,156.35302347973027,1747.8524101841995
36ca6e08-24cb-da5a-d64e-85743d443f79,2e96b5f1-6518-0296-1b21-1aa880d4bc67,OBI-2074,6,1.127715543931342,987.2398417576167
438b25be-c502-adfb-a41a-7a95c3e3153f,73529fb3-5cc5-798b-82af-4df552ad7b80,UGL-7452,7,32.9755547366001,1658.7007593643837
ec72a613-e497-1d4f-9d06-09f64992e2a4,04e97402-c30d-ac4e-6641-3270eed465aa,CHZ-9995,6,203.19187230030613,1216.7816212150894
c76b4bb8-e6e6-774b-96b9-4b499c2cf831,0b971563-34ac-021d-f0a7-6cfc00b027eb,PEQ-4374,10,208.2449199784186,853.6458365546506
e30820e5-a752-3b91-b6b1-00dda9387077,00cf0526-c2ba-7209-7878-138864d7abe0,PUA-6199,10,102.73129121312842,1010.0784521389095
